Category,Title,Brand,Price (INR),Rating,Review Count,Product Badge,Product URL,Image URL,Delivery Info,Discount
laptop,"Lenovo IdeaPad Slim 3, Intel Core i5-12450H, 12th Gen, 16GB RAM, 512GB SSD, FHD, 14""/35.5cm, Windows 11, MS Office Home 2024, Grey, 1.37Kg, 83EQ0072IN, Alexa Built-in, 3 mon. Game Pass Laptop",,,3.9 out of 5 stars,604,,,https://m.media-amazon.com/images/I/81Tj8G57-WL._AC_UY218_.jpg,"Wed, 9 Jul",
laptop,"Acer [SmartChoice Aspire Lite AMD Ryzen 5-5625U Processor, 16 GB/512 GB, Full HD, 15.6""/39.62 cm, Windows 11 Home, Steel Gray, 1.59 kg, AL15-41, Metal Body, Thin and Light Laptop",,,3.9 out of 5 stars,"1,245",,,https://m.media-amazon.com/images/I/61k0gpxQwCL._AC_UY218_.jpg,"Wed, 9 Jul",
laptop,"ASUS TUF Gaming A15, AMD Ryzen 7 7435HS Gaming Laptop(NVIDIA RTX 3050-4GB/60W TGP/16GB RAM/512GB SSD/FHD/15.6""/144Hz/RGB KB/48WHr/Windows 11//Graphite Black/2.30 Kg) FA506NCR-HN054W",,,3.9 out of 5 stars,331,,,https://m.media-amazon.com/images/I/61nTNphSBvL._AC_UY218_.jpg,"Wed, 9 Jul",
laptop,"HP 15, 13th Gen Intel Core i3-1315U (8GB DDR4, 512GB SSD) FHD Anti-Glare Micro-Edge, 15.6""/39.6cm, Windows 11, MS Office 21, Grey, 1.59kg, fd0006TU, Intel UHD Graphics, 1080p FHD Camera Laptop",,,3.8 out of 5 stars,225,,,https://m.media-amazon.com/images/I/6179wxBERlL._AC_UY218_.jpg,"Wed, 9 Jul",
laptop,"Apple MacBook Air Laptop: Apple M1 chip, 13.3-inch/33.74 cm Retina Display, 8GB RAM, 256GB SSD Storage, Backlit Keyboard, FaceTime HD Camera, Touch ID. Works with iPhone/iPad; Space Grey",,,4.6 out of 5 stars,"6,962",,,https://m.media-amazon.com/images/I/71jG+e7roXL._AC_UY218_.jpg,"Thu, 10 Jul, 9 am - 5 pm",
laptop,"2022 Apple MacBook Air Laptop with M2 chip: 13.6-inch Liquid Retina Display, 16GB RAM, 256GB SSD Storage, Backlit Keyboard, 1080p FaceTime HD Camera. Works with iPhone and iPad; Midnight",,,4.6 out of 5 stars,46,,,https://m.media-amazon.com/images/I/71RDgtHsREL._AC_UY218_.jpg,"Wed, 9 Jul",
laptop,"Acer Aspire 3, Intel Core Celeron N4500, 8GB LPDDR4X, 512GB SSD, HD, 14""/35.56cm, Windows 11 Home, Pure Silver, 1.3KG, A324-45, HD Webcam, 38 WHR Laptop",,,3.4 out of 5 stars,397,,,https://m.media-amazon.com/images/I/61Y8j1QN5YL._AC_UY218_.jpg,"Wed, 9 Jul",
laptop,HP 255 G10 ‎‎Laptop (AMD Athlon Silver 7120U/ 8GB RAM / 256GB SSD/Windows 11/15.6 INCH ASH Silver,,,3.9 out of 5 stars,26,,,https://m.media-amazon.com/images/I/71rw7cd14mL._AC_UY218_.jpg,"Wed, 9 Jul",
laptop,"HP 15, AMD Ryzen 3 7320U (8GB LPDDR5, 512GB SSD) FHD, Anti-Glare, Micro-Edge, 15.6""/39.6cm, Win 11, Office 21, Silver, 1.59kg, fc0154AU, AMD Radeon Graphics, 1080p FHD Camera Laptop",,,4.0 out of 5 stars,"1,644",,,https://m.media-amazon.com/images/I/719OMbh40jL._AC_UY218_.jpg,"Wed, 9 Jul",
laptop,"ASUS Vivobook 16X 12th Gen, Intel Core i5-12500H Creator/Gaming Laptop(NVIDIA RTX 2050-4GB/16GB/512GB/FHD+/16.0""/144Hz/Windows 11/M365 Basic (1Year)*/Office Home 2024/Silver/1.67 kg) K3605ZF-RP458WS",,,3.8 out of 5 stars,33,,,https://m.media-amazon.com/images/I/71gtGGVS3NL._AC_UY218_.jpg,"Wed, 9 Jul",
laptop,"ASUS TUF Gaming A15, 15.6"" (39.62cm) FHD 16:9 144Hz, AMD Ryzen 7 7435HS, Gaming Laptop (16 DDR5/512GB SSD/NVIDIA GeForce RTX 2050/Windows 11 Home/Graphite Black/2.30 Kg), FA506NFR-HN045W",,,3.9 out of 5 stars,331,,,https://m.media-amazon.com/images/I/61xBASwU+zL._AC_UY218_.jpg,"Wed, 9 Jul",
laptop,"Lenovo {SmartChoice)Chromebook Intel Celeron N4500 (4GB RAM/64GB eMMC 5.1/11.6 Inch (29.46cm)/HD Display/2Wx2 Stereo Speakers/HD Camera/Chrome OS/Blue/1.21Kg), 82UY0014HA",,,3.6 out of 5 stars,7,,,https://m.media-amazon.com/images/I/71eHrg3+O7L._AC_UY218_.jpg,"Wed, 9 Jul",
laptop,"JioBook 11 with Lifetime Office/Android 4G Laptop Mediatek 8788 (JioOS) / Octa-core/ 4GB RAM / 64 eMMC Storage/Thin and Light Laptop (11.6 inch, 990 Grams)/ Dual Band WiFi + SIM/Blue",,,3.0 out of 5 stars,400,,,https://m.media-amazon.com/images/I/61IDcxw27+L._AC_UY218_.jpg,"Wed, 9 Jul",
laptop,"Lenovo V15 Intel Celeron N4500 15.6"" (39.62 cm) FHD (1920x1080) Antiglare 250 Nits Thin and Light Laptop (8GB RAM/256GB SSD/Windows 11 Home/Black/1Y Onsite/1.7 kg), 82QYA00MIN",,,3.9 out of 5 stars,519,,,https://m.media-amazon.com/images/I/516btukUorL._AC_UY218_.jpg,"Wed, 9 Jul",
laptop,"Acer Aspire 3 Laptop Intel Core Celeron N4500 Processor Laptop (8 GB LPDDR4X SDRAM/256 GB SSD/Win11 Home/38 WHR/HD Webcam) A324-45 with 35.56 cm (14"") HD Display, Pure Silver, 1.3 KG",,,3.4 out of 5 stars,397,,,https://m.media-amazon.com/images/I/61Y8j1QN5YL._AC_UY218_.jpg,"Wed, 9 Jul",
laptop,"HP 255 G10, AMD Ryzen 3 7320U Quad Core -(8 GB/512 GB SSD/AMD Radeon Graphics) Thin and Light Business Laptop/15.6"" HD Display/Turbo Silver/1.5 kg",,,2.5 out of 5 stars,13,,,https://m.media-amazon.com/images/I/71YZQa3BTEL._AC_UY218_.jpg,"Wed, 9 Jul",
laptop,"MSI Thin 15, Intel 12th Gen. i7-12650H, 40CM FHD 144Hz Gaming Laptop (16GB/1TB NVMe SSD/Windows 11 Home/Office 2021/NVIDIA GeForce RTX 3050, GDDR6 4GB/Cosmos Gray/1.86Kg) B12UC-2239IN",,,5.0 out of 5 stars,2,,,https://m.media-amazon.com/images/I/71Ie8YsWrFL._AC_UY218_.jpg,"Sat, 12 Jul",
laptop,"Lenovo IdeaPad Slim 3 13th Gen Intel Core i5-13420H 15.3""(38.8cm) WUXGA IPS Laptop(16GB RAM/512GB SSD/Win 11/Office Home 2024/Backlit/1Yr ADP Free/Top Metal Cover & IR Camera/Grey/1.6Kg), 83K100CGIN",,,4.0 out of 5 stars,38,,,https://m.media-amazon.com/images/I/71D9HSayVSL._AC_UY218_.jpg,"Wed, 9 Jul",
laptop,"Primebook S 4G, 2025(New, WiFi+4G) Android Based MediaTek MT8788 - (PrimeOS) 4G SIM Slot, Thin and Light Laptop (11.6 Inch, 1.065 Kg, Type C, USB, HDMI, MicroSD) (4GB/128GB eMMC Storage, Black)",,,4.5 out of 5 stars,621,,,https://m.media-amazon.com/images/I/71M+5cFJViL._AC_UY218_.jpg,"Wed, 9 Jul",
laptop,"Chuwi HeroBook Pro 14.1'' Intel Celeron N4020 Laptop with 8GB RAM, 256GB SSD, Windows 11, 1TB Expand, FHD IPS, Ultra Slim, USB3.0, Mini-HDMI, Webcam",,,3.5 out of 5 stars,"3,282",,,https://m.media-amazon.com/images/I/61JEULUT8QL._AC_UY218_.jpg,"Wed, 9 Jul",
laptop,"Lenovo V15 G4 AMD Athlon Silver 7120U Laptop 8GB LPDDR5 Ram, 512 GB SSD PCIe, Windows 11 Lifetime Validity,15.6"" FHD Screen, AMD Radeon 610M, Silver, 1 Year Brand Warranty",,,4.0 out of 5 stars,191,,,https://m.media-amazon.com/images/I/51+SoS8bWbL._AC_UY218_.jpg,"Wed, 9 Jul",
laptop,"Dell Inspiron 3535, AMD Ryzen 5-7530U, 16 GB RAM, 512 GB SSD, FHD IPS 15.6""/39.62 cm, 120Hz, Windows 11, MS Office 2024, Platinum Silver, 1.67 kg, Thin & Light Laptop",,,4.1 out of 5 stars,10,,,https://m.media-amazon.com/images/I/61zegicE0CL._AC_UY218_.jpg,"Fri, 11 Jul, 9 am - 5 pm",
laptop,STRIFF Adjustable Laptop Tabletop Stand Patented Riser Ventilated Portable Foldable Compatible with MacBook Notebook Tablet Tray Desk Table Book with Free Phone Stand (Black),,,4.3 out of 5 stars,"39,718",,,https://m.media-amazon.com/images/I/71Zf9uUp+GL._AC_UY218_.jpg,"Wed, 9 Jul",
laptop,"HP 15s, 12th Gen Intel Core i3-1215U Laptop (8GB DDR4, 512GB SSD) Anti-Glare, 15.6""/39.6cm,FHD, Win 11, MS Office 21, Silver, 1.69kg, Intel UHD Graphics, HD Camera, Dual Speakers, fy5006tu",,,4.0 out of 5 stars,"1,489",,,https://m.media-amazon.com/images/I/71+gQ9gOTuL._AC_UY218_.jpg,"Thu, 10 Jul, 9 am - 5 pm",
laptop,"Primebook 4G, 2025(New, WiFi+4G) Android Based MediaTek MT8788 - (PrimeOS) 4G SIM Slot, Thin and Light Laptop (11.6 Inch, 1.065 Kg, Type C, USB, HDMI, MicroSD) (4GB/64GB eMMC Storage, Black)",,,4.5 out of 5 stars,621,,,https://m.media-amazon.com/images/I/71M+5cFJViL._AC_UY218_.jpg,"Wed, 9 Jul",
laptop,"HP Professional 15, 12th Gen Intel Core Celeron-N4500 Turbo Boost, 8GB DDR4, 256GB SSD, (Win 11 Pro, MSO 21Pro, Gray, 1.59kg), 15.6 inch, UHD Graphics, Numeric KB, Business Laptop",,,4.6 out of 5 stars,7,,,https://m.media-amazon.com/images/I/61Qh9Vy+LwL._AC_UY218_.jpg,"Wed, 9 Jul",
laptop,"Lenovo LOQ 2024, AMD Ryzen 7 7435HS, NVIDIA RTX 4060-8GB, 24GB RAM, 512GB SSD, 15.6""/39.6cm, Windows 11, MS Office Home 2024, Grey, 2.4Kg, 83JC00EHIN, 100% sRGB, 3 Mon. Game Pass Gaming Laptop",,,4.2 out of 5 stars,81,,,https://m.media-amazon.com/images/I/8133GVuhgwL._AC_UY218_.jpg,"Wed, 9 Jul",
laptop,"Lenovo V15 G3 (2024), Intel Core i3 12th Gen 1215U - (16GB/512GB SSD/Intel UHD Graphics/Windows 11 Pro) Thin and Light Business Laptop/15.6"" FHD Display/Iron Grey/1.7 kg/MS Office 2021 Pro Plus",,,3.7 out of 5 stars,13,,,https://m.media-amazon.com/images/I/51QcoBERxVL._AC_UY218_.jpg,"Wed, 9 Jul",
laptop,"HP 15 Laptop,13th Gen Intel Core i7-1355U Laptop(16GB DDR4,512GB SSD) Anti-Glare, Micro-Edge,15.6"" FHD, Win11, M365 Basic(1yr),MSOffice 2024,Silver,1.59kg, Iris Xe, Camera w/Shutter,FPR, fd0515TU",,,5.0 out of 5 stars,7,,,https://m.media-amazon.com/images/I/71+mpbHMDgL._AC_UY218_.jpg,"Wed, 9 Jul",
laptop,"Dell Inspiron 3530 Laptop, 13th Gen Intel Core i5-1334U Processor, 16GB, 512GB SSD, 15.6""(39.62cm) FHD 120Hz 250 nits, Backlit KB, Windows 11 + MSO'24 & 15 Month McAfee, Silver, Thin & Light- 1.62kg",,,3.9 out of 5 stars,68,,,https://m.media-amazon.com/images/I/61+CviQuknL._AC_UY218_.jpg,"Wed, 9 Jul",
laptop,"Dyazo 6 Angles Adjustable Aluminum Ergonomic Foldable Portable Tabletop Laptop/Desktop Riser Stand Holder Compatible for MacBook, HP, Dell, Lenovo & All Other Notebook (Silver)",,,4.3 out of 5 stars,"14,844",,,https://m.media-amazon.com/images/I/61kBmC8NfGL._AC_UY218_.jpg,"Wed, 9 Jul",
laptop,"Lenovo {Smartchoice} Idea Tab Pro with Pen Plus|12.7"" 3K Display|144 Hz Refresh|12 GB RAM, 256 GB ROM| AI-Enabled| MediaTek Dimensity 8300|Quad JBL Speakers|10200 mAh Battery with 45 W Charger|WiFi 6e",,,4.4 out of 5 stars,223,,,https://m.media-amazon.com/images/I/71+IIjxsVsL._AC_UY218_.jpg,"Wed, 9 Jul",
laptop,ULTIMUS APEX Laptop Intel Celeron Dual Core 8 GB LPDDR4 512 GB SSD Expandable~1TB 14.1 FHD IPS Laptop Anti-Glare Ultra Thin Bezel 180° Hinge 3.0x3 USB HDMI SD Card Slot Win 11 Home 1.25KG Silver,,,4.5 out of 5 stars,6,,,https://m.media-amazon.com/images/I/713QmwFZbsL._AC_UY218_.jpg,"Wed, 9 Jul",
laptop,Lenovo V15 Intel Celeron n4500 FHD 15.6 inch Laptop / 8GB DDR4 Ram and 256GB NVME SSD/Intel UHD Graphics/Windows 11 & MS-Office/Privacy Shutter/Black / 1.6kg / 1 Year Brand Warranty,,,3.4 out of 5 stars,12,,,https://m.media-amazon.com/images/I/51pu+WsoXaL._AC_UY218_.jpg,"Wed, 9 Jul",
laptop,"PLIXIO Adjustable Laptop Stand with 360° Rotating Base Tabletop Ergonomic Foldable Portable Holder Compatible for MacBook, HP, Dell, Lenovo & All Other Notebook (Sliver)",,,4.3 out of 5 stars,989,,,https://m.media-amazon.com/images/I/61AS07l2cBL._AC_UY218_.jpg,"Wed, 9 Jul",
laptop,"Lenovo Thinkbook 16 AMD Ryzen 7 16"" WUXGA IPS Antiglare 300 NITS Thin and Light Laptop (16GB Ram/512GB SSD/Windows 11 Home/Fpr/Office 2021/Arctic Grey/1 Year Onsite/1.7 Kg), 21KKA0G1IN",,,4.2 out of 5 stars,133,,,https://m.media-amazon.com/images/I/51sxGjeY3GL._AC_UY218_.jpg,"Wed, 9 Jul",
laptop,"Lenovo LOQ 2024, Intel Core i5-13450HX, 13th Gen, NVIDIA RTX 4050-6GB, 16GB RAM, 512GB SSD, FHD 144Hz, 15.6""/39.6cm, Windows 11, MS Office 21, Grey, 2.4Kg, 83DV007GIN, 1Yr ADP Free Gaming Laptop",,,4.1 out of 5 stars,231,,,https://m.media-amazon.com/images/I/815ZvsHky7L._AC_UY218_.jpg,"Wed, 9 Jul",
laptop,"ASUS Zenbook A14,Snapdragon X,Copilot+ AI PC(Qualcomm Adreno iGPU/45TOPS/16GB/512GB/FHD+/14""/Backlit Keyboard/70WHr/Windows 11/M365 Basic(1Year)*/Office Home 2024/Iceland Gray/0.98 kg)UX3407QA-QD259WS",,,3.2 out of 5 stars,8,,,https://m.media-amazon.com/images/I/71Jyfh2nYyL._AC_UY218_.jpg,"Wed, 9 Jul",
laptop,"Lenovo {Smartchoice} Idea Tab Pro with Pen Plus|12.7"" 3K Display|144 Hz Refresh|12 GB RAM, 256 GB ROM| AI-Enabled| MediaTek Dimensity 8300|Quad JBL Speakers|10200 mAh Battery with 45 W Charger|WiFi 6e",,,4.4 out of 5 stars,223,,,https://m.media-amazon.com/images/I/71+IIjxsVsL._AC_UY218_.jpg,"Wed, 9 Jul",
laptop,"Lenovo Thinkbook 16 AMD Ryzen 7 16"" WUXGA IPS Antiglare 300 NITS Thin and Light Laptop (16GB Ram/512GB SSD/Windows 11 Home/Fpr/Office 2021/Arctic Grey/1 Year Onsite/1.7 Kg), 21KKA0G1IN",,,4.2 out of 5 stars,133,,,https://m.media-amazon.com/images/I/51sxGjeY3GL._AC_UY218_.jpg,"Wed, 9 Jul",
laptop,"Dyazo Water Resistant Laptop Sleeve/Laptop case/laptop cover with Handle Compatible for 15 Inch to 15.6"" Inches laptops & Notebooks - Grey",,,4.3 out of 5 stars,"14,611",,,https://m.media-amazon.com/images/I/81s4wKEliIL._AC_UY218_.jpg,"Wed, 9 Jul",
laptop,"Acer [SmartChoice Aspire 3 Laptop Intel Core Celeron N4500 Processor Laptop (8 GB LPDDR4X SDRAM/512 GB SSD/Win11 Home/38 WHR/HD Webcam) A325-45 with 39.63 cm (15.6"") HD Display, Pure Silver, 1.5 KG",,,3.4 out of 5 stars,397,,,https://m.media-amazon.com/images/I/71TpwcAN1PL._AC_UY218_.jpg,"Wed, 9 Jul",
laptop,"Sounce Mouse Pad Speed Type Mouse Pad with Antifray Stitched Embroidery Edges, Non-Slip Rubber Base Mousepad for Laptop PC (260mm x 210mm x 2mm) (Black)",,,4.4 out of 5 stars,"1,269",,,https://m.media-amazon.com/images/I/512kJc9mROL._AC_UY218_.jpg,"Wed, 9 Jul",
laptop,"HP 15, AMD Ryzen 5 7520U, 16GB DDR5, 512GB SSD, (Win 11, Office 21, Silver, 1.59kg), Anti-Glare, Micro-Edge, 15.6-inch(39.6cm), FHD Laptop, AMD Radeon Graphics, 1080p FHD Camera, Backlit KB, fc0156AU",,,3.4 out of 5 stars,71,,,https://m.media-amazon.com/images/I/710mh0SzbHL._AC_UY218_.jpg,"Wed, 9 Jul",
laptop,"VEBETO Educational Laptop for Kids (1 Year Warranty) w/ Mouse Games 20 Fun Computer Activity Learning Toy for 2 3 4 5 Years Boys Girls Learn Letters Words Mathematics Music Logic Memory Tool, Blue",,,4.1 out of 5 stars,"1,013",,,https://m.media-amazon.com/images/I/61U80-WECbL._AC_UY218_.jpg,"Wed, 9 Jul",
laptop,"Lenovo Ideapad 1 AMD Ryzen 5 5625U (16GB RAM/512GB SSD/Windows 11/Office Home 2024/15.6 Inch (39.6Cm)/FHD IPS Display/3Months Game Pass/Grey/1.6Kg), 82R4011CIN/0DIN Laptop",,,4.1 out of 5 stars,"2,046",,,https://m.media-amazon.com/images/I/814By4kEe5L._AC_UY218_.jpg,"Wed, 9 Jul",
laptop,"Zebronics NC5500D Powerful Laptop Cooler with Dual 125mm Fans, Silent Operation, Adjustable Fan Speed, Display, Controls, USB, 5 Step Retractable Stand and Mobile Holder",,,3.8 out of 5 stars,"1,724",,,https://m.media-amazon.com/images/I/81RSzw0VAeL._AC_UY218_.jpg,"Wed, 9 Jul",
laptop,"Dell Inspiron 15-3530 Laptop - 15.6 inch FHD, 13th Gen Intel Core i3-1305U, 8GB RAM, 512GB SSD, Win 11 + Office H&S 2024, Standard Keyboard, Platinum Silver, 1 Year Onsite Hardware Service, 1.62 Kg",,,3.9 out of 5 stars,160,,,https://m.media-amazon.com/images/I/61j8sfFCCPL._AC_UY218_.jpg,"Wed, 9 Jul",
laptop,"DELL 14 (2025) Intel Core i3 12th Gen 1215U - (16 GB/512 GB SSD/Intel UHD Graphics/Windows 11 Home) Thin and Light Business Laptop/14.0"" HD Display/Grey/1.5 kg/MS Office 2021",,,2.6 out of 5 stars,6,,,https://m.media-amazon.com/images/I/710pC9glKFL._AC_UY218_.jpg,"Wed, 9 Jul",
laptop,"EDNITA Mini Laptop Stand for Desk | Portable Metal PC Desk Stand, Aluminium Cooling Pad Mini Clip Compatible with MacBook Apple Laptop, Lenovo, Dell, Hp, Acer & Other Laptops Pack of-2 (Silver)",,,4.3 out of 5 stars,354,,,https://m.media-amazon.com/images/I/61ZejdSL77L._AC_UY218_.jpg,"Wed, 9 Jul",
laptop,"Dell Inspiron 3530 Thin & Light Laptop, 13th Gen Intel Core i3-1305U/8GB/512GB SSD/15.6"" (39.62cm) 120Hz Refresh Rate on a FHD IPS Display/Windows 11 + MSO'21+McAfee 15 Month/Carbon Black/1.62kg",,,3.9 out of 5 stars,160,,,https://m.media-amazon.com/images/I/71qBAOWFSnL._AC_UY218_.jpg,"Wed, 9 Jul",
laptop,"Acer ALG, Intel Core i5 13th Gen - 13420H, NVIDIA GeForce RTX 3050-6GB, 16GB RAM, 512GB SSD, FHD 15.6""/39.62cm, 144Hz, Windows 11 Home, Steel Gray, 1.99kg, AL15G-53 Gaming Laptop",,,3.9 out of 5 stars,25,,,https://m.media-amazon.com/images/I/51JH5OhIx2L._AC_UY218_.jpg,"Wed, 9 Jul",
laptop,"Lenovo Smartchoice Ideapad Slim 3 13Th Gen Intel Core I7-13620H 15.3 Inch(38.8Cm) WUXGA IPS Laptop(16GB RAM/512GB SSD/Windows 11/Office Home 2024/Backlit Keyboard/1Yr ADP Free/Grey/1.6Kg),83K100CJIN",,,4.0 out of 5 stars,38,,,https://m.media-amazon.com/images/I/71HMPbAf-iL._AC_UY218_.jpg,"Wed, 9 Jul",
laptop,"Lenovo V15 AMD Ryzen 3 7320U 15.6"" (39.62cm) FHD 250 Nits Antiglare Thin and Light Laptop (8GB/512GB SSD/Windows 11 Home/Arctic Grey/1.63 Kg), 83CQ000XIN",,,3.7 out of 5 stars,69,,,https://m.media-amazon.com/images/I/41kIqmz4S3L._AC_UY218_.jpg,"Wed, 9 Jul",
smartphone,"iQOO Neo 10R 5G (Raging Blue, 12GB RAM, 256GB Storage) | Snapdragon 8s Gen 3 Processor | India's Slimmest 6400mAh Battery Smartphone | Segment's Most Stable 90FPS for 5 Hours",,,4.4 out of 5 stars,"1,763",,,https://m.media-amazon.com/images/I/61wL8Qbo0HL._AC_UY218_.jpg,"Wed, 9 Jul",
smartphone,"Redmi Note 14 5G (Titan Black, 6GB RAM 128GB Storage) | Global Debut MTK Dimensity 7025 Ultra | 2100 nits Segment Brightest 120Hz AMOLED | 50MP Sony LYT 600 OIS+EIS Triple Camera",,,3.8 out of 5 stars,"1,127",,,https://m.media-amazon.com/images/I/71VzgeSWDQL._AC_UY218_.jpg,"Wed, 9 Jul",
smartphone,"Samsung Galaxy M05 (Mint Green, 4GB RAM, 64 GB Storage) | 50MP Dual Camera | Bigger 6.7"" HD+ Display | 5000mAh Battery | 25W Fast Charging | 2 Gen OS Upgrade & 4 Year Security Update | Without Charger",,,4.0 out of 5 stars,"4,471",,,https://m.media-amazon.com/images/I/81T3olLXpUL._AC_UY218_.jpg,"Wed, 9 Jul",
smartphone,"Samsung Galaxy A35 5G (Awesome Lilac, 8GB RAM, 128GB Storage) | Premium Glass Back | 50 MP Main Camera (OIS) | Nightography | IP67 | Corning Gorilla Glass Victus+ | sAMOLED with Vision Booster",,,4.0 out of 5 stars,"1,552",,,https://m.media-amazon.com/images/I/71ydypHebBL._AC_UY218_.jpg,"Wed, 9 Jul",
smartphone,"realme NARZO N61 (Voyage Blue,4GB RAM+64GB Storage) 90Hz Eye Comfort Display | IP54 Dust & Water Resistance | 48-Month Fluency | Charger in The Box",,,4.0 out of 5 stars,"3,743",,,https://m.media-amazon.com/images/I/71r0Ysx+oVL._AC_UY218_.jpg,"Wed, 9 Jul",
smartphone,"Samsung Galaxy A35 5G (Awesome Navy, 8GB RAM, 256GB Storage) | Premium Glass Back | 50 MP Main Camera (OIS) | Nightography | IP67 | Corning Gorilla Glass Victus+ | sAMOLED with Vision Booster",,,4.0 out of 5 stars,"1,552",,,https://m.media-amazon.com/images/I/71qQjZc6wyL._AC_UY218_.jpg,"Wed, 9 Jul",
smartphone,"Motorola G05 4G (Forest Green, 4GB RAM, 64GB Storage)",,,3.8 out of 5 stars,"1,228",,,https://m.media-amazon.com/images/I/61xBynqDfVL._AC_UY218_.jpg,"Sat, 12 Jul, 9 am - 5 pm",
smartphone,"Lava O3 (Glossy Blue, 3 GB RAM, 64 GB Storage) | Biggest 6.75"" HD+ Display | 13MP AI Dual Rear Camera | 5000 mAh Battery | Secure Face Unlock | Fingerprint Reader | Charger & Phone-Cover in Box",,,3.8 out of 5 stars,566,,,https://m.media-amazon.com/images/I/51K+7McXYFL._AC_UY218_.jpg,"Wed, 9 Jul",
smartphone,Redmi A3X Ocean Green 4GB RAM 128GB ROM,,,3.8 out of 5 stars,62,,,https://m.media-amazon.com/images/I/81tkxQmAetL._AC_UY218_.jpg,"Wed, 9 Jul",
smartphone,"Samsung Galaxy M06 5G (Sage Green, 6GB RAM, 128 GB Storage) | MediaTek Dimensity 6300 | AnTuTu Score 422K+ | 12 5G Bands| 25W Fast Charging | 4 Gen. of OS Upgrades | Without Charger",,,3.8 out of 5 stars,"1,341",,,https://m.media-amazon.com/images/I/718tAI-i2uL._AC_UY218_.jpg,"Wed, 9 Jul",
smartphone,"Xiaomi 15 (White, 12GB/512GB)| 50 MP Leica Triple Camera | SD 8 Elite | 1.5K CrystalRes Dynamic 1-120 Hz AMOLED | Hyper AI",,,4.4 out of 5 stars,165,,,https://m.media-amazon.com/images/I/61+unAVMvUL._AC_UY218_.jpg,"Wed, 9 Jul",
smartphone,"Redmi A4 5G (Starry Black, 4GB RAM, 64GB Storage) | Global Debut SD 4s Gen 2 | Segment Largest 6.88in 120Hz | 50MP Dual Camera | 18W Fast Charging",,,3.9 out of 5 stars,"4,244",,,https://m.media-amazon.com/images/I/718HzJbvY1L._AC_UY218_.jpg,"Wed, 9 Jul",
smartphone,"realme NARZO 70 Turbo 5G (Turbo Green,6GB RAM,128GB Storage) | Segment's Fastest Dimensity 7300 Energy 5G Chipset | Motorsports Inspired Design",,,4.1 out of 5 stars,"3,680",,,https://m.media-amazon.com/images/I/71GHoiLCpFL._AC_UY218_.jpg,"Thu, 10 Jul, 9 am - 5 pm",
smartphone,"OnePlus Nord CE4 Lite 5G (Super Silver, 8GB RAM, 128GB Storage) | Lifetime Display Warranty | 5500 mAh Battery, 80W SUPERVOOC and Reverse Charging | 50MP Camera with OIS | 120Hz AMOLED Display",,,4.1 out of 5 stars,"7,390",,,https://m.media-amazon.com/images/I/61Io5-ojWUL._AC_UY218_.jpg,"Wed, 9 Jul",
smartphone,"POCO C75 5G, Enchanted Green (4GB, 64GB)",,,4.3 out of 5 stars,136,,,https://m.media-amazon.com/images/I/61HGhIw9m2L._AC_UY218_.jpg,"Wed, 9 Jul",
smartphone,"Google Pixel 7a (Sea, 128 GB) (8 GB RAM)",,,3.7 out of 5 stars,13,,,https://m.media-amazon.com/images/I/41YW3WpZ2ML._AC_UY218_.jpg,"Mon, 14 Jul",
smartphone,"OnePlus 13 | Smarter with OnePlus AI | Lifetime Display Warranty (16GB RAM, 512GB Storage Black Eclipse)",,,4.4 out of 5 stars,"1,406",,,https://m.media-amazon.com/images/I/61LFj1RHo+L._AC_UY218_.jpg,"Wed, 9 Jul",
smartphone,"Samsung Galaxy A16 5G (Blue Black, 6GB RAM, 128GB Storage) | Super AMOLED | 50MP Triple Camera with Ultra Wide Lens | 6 OS & 6 Years Security Updates | IP54 | Tap & Pay | 5000mAh",,,3.8 out of 5 stars,413,,,https://m.media-amazon.com/images/I/71wWlLQTNoL._AC_UY218_.jpg,"Wed, 9 Jul",
smartphone,"Samsung Galaxy F05 (Twilight Blue, 64 GB) (4 GB RAM)",,,3.9 out of 5 stars,155,,,https://m.media-amazon.com/images/I/71Q6eGldZVL._AC_UY218_.jpg,"Sat, 12 Jul, 9 am - 5 pm",
smartphone,"Samsung Galaxy M06 5G (Blazing Black, 6GB RAM, 128 GB Storage) | MediaTek Dimensity 6300 | AnTuTu Score 422K+ | 12 5G Bands | 25W Fast Charging | 4 Gen. of OS Upgrades | Without Charger",,,3.8 out of 5 stars,"1,341",,,https://m.media-amazon.com/images/I/71s6rRbgfuL._AC_UY218_.jpg,"Wed, 9 Jul",
smartphone,"Lava Storm Play 5G (Frosty Blue, 6+6*GB RAM, 128GB Storage) | World's First MTK D7060 Processor | 500k+ Antutu | LPDDR5 RAM | UFS 3.1 Storage | 50MP AI Camera | 120Hz Refresh Rate | IP64 Protection",,,,M.R.P:,,,https://m.media-amazon.com/images/I/71L2PFvnhEL._AC_UY218_.jpg,"Wed, 9 Jul",
smartphone,"Lava Blaze 2 5G (Glass Blue, 6GB RAM, 128GB Storage)| Stunning Ring Light| 50 MP AI Camera |5000 mAh Battery| Upto 12 GB Expandable RAM",,,4.1 out of 5 stars,774,,,https://m.media-amazon.com/images/I/71pFZVNEt1L._AC_UY218_.jpg,"Wed, 9 Jul",
smartphone,"iQOO Neo 10R 5G (Raging Blue, 12GB RAM, 256GB Storage) | Snapdragon 8s Gen 3 Processor | India's Slimmest 6400mAh Battery Smartphone | Segment's Most Stable 90FPS for 5 Hours",,,4.4 out of 5 stars,"1,763",,,https://m.media-amazon.com/images/I/61wL8Qbo0HL._AC_UY218_.jpg,"Wed, 9 Jul",
smartphone,"Redmi Note 14 5G (Titan Black, 6GB RAM 128GB Storage) | Global Debut MTK Dimensity 7025 Ultra | 2100 nits Segment Brightest 120Hz AMOLED | 50MP Sony LYT 600 OIS+EIS Triple Camera",,,3.8 out of 5 stars,"1,127",,,https://m.media-amazon.com/images/I/71VzgeSWDQL._AC_UY218_.jpg,"Wed, 9 Jul",
smartphone,"Redmi A3X (Midnight Black, 3GB RAM, 64GB Storage) | Premium Halo Design | 90Hz Display | Powerful Octa Core Processor",,,4.0 out of 5 stars,124,,,https://m.media-amazon.com/images/I/714GaXJHGGL._AC_UY218_.jpg,"Wed, 9 Jul",
smartphone,"Samsung Galaxy A16 5G (Blue Black, 6GB RAM, 128GB Storage) | Super AMOLED | 50MP Triple Camera with Ultra Wide Lens | 6 OS & 6 Years Security Updates | IP54 | Tap & Pay | 5000mAh",,,3.8 out of 5 stars,413,,,https://m.media-amazon.com/images/I/71wWlLQTNoL._AC_UY218_.jpg,"Wed, 9 Jul",
smartphone,POCO M6 Plus 5G Misty Lavender 8GB RAM 128GB ROM,,,3.9 out of 5 stars,167,,,https://m.media-amazon.com/images/I/71vkB1WIouL._AC_UY218_.jpg,"Wed, 9 Jul",
smartphone,"Lava Bold N1 Pro (Titanium Gold, 4 GB RAM, 128 GB Storage)| Bigger 6.67"" HD+ IP54 Display | 120 Hz Refresh Rate | 50 MP AI Triple Rear Camera | 8 MP Front Camera| 5000 mAh Battery | Charger in Box",,,3.9 out of 5 stars,44,,,https://m.media-amazon.com/images/I/71+JazMDXhL._AC_UY218_.jpg,"Wed, 9 Jul",
smartphone,"Samsung Galaxy M35 5G (Daybreak Blue,6GB RAM,128GB Storage)| Corning Gorilla Glass Victus+| AnTuTu Score 595K+ | Vapour Cooling Chamber | 6000mAh Battery | 120Hz Super AMOLED Display| Without Charger",,,4.1 out of 5 stars,"11,318",,,https://m.media-amazon.com/images/I/81nt-RGKpyL._AC_UY218_.jpg,"Wed, 9 Jul",
smartphone,"Samsung Galaxy M35 5G (Thunder Grey,8GB RAM,256GB Storage)| Corning Gorilla Glass Victus+| AnTuTu Score 595K+ | Vapour Cooling Chamber | 6000mAh Battery | 120Hz Super AMOLED Display| Without Charger",,,4.1 out of 5 stars,"11,318",,,https://m.media-amazon.com/images/I/81DeHrvOoqL._AC_UY218_.jpg,"Wed, 9 Jul",
smartphone,"Samsung Galaxy F06 5G, Bahama Blue (4GB, 128GB)",,,3.7 out of 5 stars,105,,,https://m.media-amazon.com/images/I/41S0KJoxqBL._AC_UY218_.jpg,"Wed, 9 Jul",
smartphone,"Lava Bold N1 (Sparkling Ivory, 4 GB RAM, 64 GB Storage)| 6.75"" (90 Hz) HD+ Display | 13MP AI Dual Rear Camera | 5000 mAh Battery | Secure Face Unlock | Fingerprint Reader | Charger & Phone-Case in Box",,,3.7 out of 5 stars,11,,,https://m.media-amazon.com/images/I/71CJizapp8L._AC_UY218_.jpg,"Wed, 9 Jul",
smartphone,"Xiaomi 15 (White, 12GB/512GB)| 50 MP Leica Triple Camera | SD 8 Elite | 1.5K CrystalRes Dynamic 1-120 Hz AMOLED | Hyper AI",,,4.4 out of 5 stars,165,,,https://m.media-amazon.com/images/I/61+unAVMvUL._AC_UY218_.jpg,"Wed, 9 Jul",
smartphone,"Lava Storm Play 5G (Frosty Blue, 6+6*GB RAM, 128GB Storage) | World's First MTK D7060 Processor | 500k+ Antutu | LPDDR5 RAM | UFS 3.1 Storage | 50MP AI Camera | 120Hz Refresh Rate | IP64 Protection",,,,M.R.P:,,,https://m.media-amazon.com/images/I/71L2PFvnhEL._AC_UY218_.jpg,"Wed, 9 Jul",
smartphone,"POCO M7 5G, Ocean Blue (6GB, 128GB)",,,4.0 out of 5 stars,60,,,https://m.media-amazon.com/images/I/418EYFlH0xL._AC_UY218_.jpg,"Wed, 9 Jul",
smartphone,"Lava O3 (Glossy White, 3 GB RAM, 64 GB Storage) | Biggest 6.75"" HD+ Display | 13MP AI Dual Rear Camera | 5000 mAh Battery | Secure Face Unlock | Fingerprint Reader | Charger & Phone-Cover in Box",,,3.8 out of 5 stars,566,,,https://m.media-amazon.com/images/I/51yt934CiPL._AC_UY218_.jpg,"Wed, 9 Jul",
smartphone,"POCO M7 5G, Satin Black (6GB, 128GB)",,,3.9 out of 5 stars,61,,,https://m.media-amazon.com/images/I/71EfJ+H1uRL._AC_UY218_.jpg,"Wed, 9 Jul",
smartphone,"realme NARZO N61 (Marble Black, 4GB RAM+64GB Storage) 90Hz Eye Comfort Display | IP54 Dust & Water Resistance | 48-Month Fluency | Charger in The Box",,,4.0 out of 5 stars,"3,743",,,https://m.media-amazon.com/images/I/71EN6N9kUEL._AC_UY218_.jpg,"Wed, 9 Jul",
smartphone,"Samsung Galaxy S24 FE 5G AI Smartphone (Graphite, 8GB RAM, 128GB Storage)",,,4.2 out of 5 stars,390,,,https://m.media-amazon.com/images/I/71eUNTW+nJL._AC_UY218_.jpg,"Wed, 9 Jul",
smartphone,"Redmi 14C 5G (Stargaze Black, 6GB RAM, 128GB Storage) | Superfast 4nm Snapdragon 4 Gen 2 | 120Hz 17.47cm (6.88”) Display | 5160mAh Battery | 50MP Dual Camera | Premium Starlight Design",,,4.0 out of 5 stars,942,,,https://m.media-amazon.com/images/I/81PHUjI+raL._AC_UY218_.jpg,"Wed, 9 Jul",
smartphone,"iQOO Z10 Lite 5G (Cyber Green, 6GB RAM, 128GB Storage) | 6000 mAh Battery | Dimensity 6300 5G Processor with 433K+* AnTuTu Score | IP64 Rated & Military Grade Shock-Resistance*",,,3.5 out of 5 stars,32,,,https://m.media-amazon.com/images/I/61852T0zGxL._AC_UY218_.jpg,"Wed, 9 Jul",
smartphone,"Samsung Galaxy S24 Ultra 5G AI Smartphone with Galaxy AI (Titanium Gray, 12GB, 256GB Storage), Snapdragon 8 Gen 3, 200 MP Camera with ProVisual Engine and 5000mAh Battery",,,4.3 out of 5 stars,"1,143",,,https://m.media-amazon.com/images/I/717Q2swzhBL._AC_UY218_.jpg,"Wed, 9 Jul",
smartphone,"Redmi A4 5G (Starry Black, 4GB RAM, 64GB Storage) | Global Debut SD 4s Gen 2 | Segment Largest 6.88in 120Hz | 50MP Dual Camera | 18W Fast Charging",,,3.9 out of 5 stars,"4,244",,,https://m.media-amazon.com/images/I/718HzJbvY1L._AC_UY218_.jpg,"Wed, 9 Jul",
smartphone,"realme C61 4G Smartphone Safari Green 4+64GB, 6.74-inch Screen, 90Hz Display, 5000mAh Battery, 32MP Camera, 7.84mm Ultra Slim Design, Octa-Core, IP54",,,4.8 out of 5 stars,65,,,https://m.media-amazon.com/images/I/61R7Zxw0t1L._AC_UY218_.jpg,"Fri, 11 Jul",
smartphone,"iQOO Neo 10R 5G (Raging Blue, 12GB RAM, 256GB Storage) | Snapdragon 8s Gen 3 Processor | India's Slimmest 6400mAh Battery Smartphone | Segment's Most Stable 90FPS for 5 Hours",,,4.4 out of 5 stars,"1,763",,,https://m.media-amazon.com/images/I/61wL8Qbo0HL._AC_UY218_.jpg,"Wed, 9 Jul",
smartphone,"Redmi Note 14 5G (Titan Black, 6GB RAM 128GB Storage) | Global Debut MTK Dimensity 7025 Ultra | 2100 nits Segment Brightest 120Hz AMOLED | 50MP Sony LYT 600 OIS+EIS Triple Camera",,,3.8 out of 5 stars,"1,127",,,https://m.media-amazon.com/images/I/71VzgeSWDQL._AC_UY218_.jpg,"Wed, 9 Jul",
smartphone,"realme NARZO 70 Turbo 5G (Turbo Green,12GB RAM, 256GB Storage) | Dimensity 7300 Energy 5G Chipset is Fastest chipset in This Segment | Motorsports Inspired Design",,,4.1 out of 5 stars,"3,680",,,https://m.media-amazon.com/images/I/71GHoiLCpFL._AC_UY218_.jpg,"Wed, 9 Jul",
smartphone,"Motorola Edge 50 Fusion 5G (Forest Blue, 12GB RAM, 256GB Storage)",,,4.0 out of 5 stars,"1,483",,,https://m.media-amazon.com/images/I/71ZJ6bsARtL._AC_UY218_.jpg,"Wed, 9 Jul",
smartphone,"Vivo Y39 5G (Lotus Purple, 8GB RAM, 256GB Storage) with No Cost EMI/Additional Exchange Offers",,,4.2 out of 5 stars,86,,,https://m.media-amazon.com/images/I/71Ndw3SUPyL._AC_UY218_.jpg,"Wed, 9 Jul",
smartphone,"Samsung Galaxy A35 5G (Awesome Iceblue, 8GB RAM, 128GB Storage) Without Offer",,,4.0 out of 5 stars,"1,552",,,https://m.media-amazon.com/images/I/51VfGGh7quL._AC_UY218_.jpg,"Wed, 9 Jul",
smartphone,"Oppo K12x 5G with 45W SUPERVOOC Charger in-The-Box (Breeze Blue, 128 GB) (6 GB RAM)",,,4.3 out of 5 stars,250,,,https://m.media-amazon.com/images/I/51oDDYRMifL._AC_UY218_.jpg,"Mon, 14 Jul",
smartphone,"iQOO Neo 10 (Inferno Red, 12GB RAM, 256GB Storage) | Snapdragon 8s Gen 4 Processor & SuperComputing Chip Q1 | 7000 mAh Battery | Segment’s Highest 144 FPS Gaming Smartphone",,,4.3 out of 5 stars,796,,,https://m.media-amazon.com/images/I/61gGRaXQoGL._AC_UY218_.jpg,"Wed, 9 Jul",
smartphone,"Redmi A4 5G (Starry Black, 4GB RAM, 128GB Storage) | Global Debut SD 4s Gen 2 | Segment Largest 6.88in 120Hz | 50MP Dual Camera | 18W Fast Charging",,,3.9 out of 5 stars,"4,244",,,https://m.media-amazon.com/images/I/718HzJbvY1L._AC_UY218_.jpg,"Wed, 9 Jul",
smartphone,"Vivo Y200 5G (Desert Gold, 8GB RAM, 256GB Storage) with No Cost EMI/Additional Exchange Offers",,,4.1 out of 5 stars,"1,144",,,https://m.media-amazon.com/images/I/61Odyve0+VL._AC_UY218_.jpg,"Wed, 9 Jul",
smartphone,"Xiaomi 15 (Green, 12GB/512GB)| 50 MP Leica Triple Camera | SD 8 Elite | 1.5K CrystalRes Dynamic 1-120 Hz AMOLED | Hyper AI",,,4.4 out of 5 stars,165,,,https://m.media-amazon.com/images/I/61FdXdaHKoL._AC_UY218_.jpg,"Wed, 9 Jul",
smartphone,"Lava Storm Play 5G (Frosty Blue, 6+6*GB RAM, 128GB Storage) | World's First MTK D7060 Processor | 500k+ Antutu | LPDDR5 RAM | UFS 3.1 Storage | 50MP AI Camera | 120Hz Refresh Rate | IP64 Protection",,,,M.R.P:,,,https://m.media-amazon.com/images/I/71L2PFvnhEL._AC_UY218_.jpg,"Wed, 9 Jul",
smartphone,"POCO C71, Cool Blue (6GB, 128GB)",,,4.2 out of 5 stars,14,,,https://m.media-amazon.com/images/I/51FgDipEA3L._AC_UY218_.jpg,"Thu, 10 Jul, 9 am - 5 pm",
smartphone,"Redmi A4 5G (Sparkle Purple, 4GB RAM, 64GB Storage) | Global Debut SD 4s Gen 2 | Segment Largest 6.88in 120Hz | 50MP Dual Camera | 18W Fast Charging",,,3.9 out of 5 stars,"4,244",,,https://m.media-amazon.com/images/I/81BGKLI+cWL._AC_UY218_.jpg,"Wed, 9 Jul",
smartphone,"VIVO Y19 5G (Majestic Green, 6GB RAM, 128GB Storage) with No Cost EMI/Additional Exchange Offers",,,3.2 out of 5 stars,36,,,https://m.media-amazon.com/images/I/71tqCUlv-xL._AC_UY218_.jpg,"Wed, 9 Jul",
smartphone,"Redmi A4 5G (Starry Black, 4GB RAM, 64GB Storage) | Global Debut SD 4s Gen 2 | Segment Largest 6.88in 120Hz | 50MP Dual Camera | 18W Fast Charging",,,3.9 out of 5 stars,"4,244",,,https://m.media-amazon.com/images/I/718HzJbvY1L._AC_UY218_.jpg,"Wed, 9 Jul",
smartphone,"OnePlus Nord CE4 Lite 5G (Ultra Orange 8GB RAM, 128GB Storage) | Lifetime Display Warranty | 5500 mAh Battery, 80W SUPERVOOC and Reverse Charging | 50MP Camera with OIS | 120Hz AMOLED Display",,,4.1 out of 5 stars,"7,390",,,https://m.media-amazon.com/images/I/51KJE22BKrL._AC_UY218_.jpg,"Wed, 9 Jul",
smartphone,"Motorola G45 5G (Viva Magenta, 8GB RAM, 128GB Storage)",,,4.0 out of 5 stars,401,,,https://m.media-amazon.com/images/I/81kDmUnxBdL._AC_UY218_.jpg,"Wed, 9 Jul",
smartphone,"Samsung Galaxy S25 5G Smartphone with Galaxy AI (Silver Shadow, 12GB RAM, 256GB Storage), Snapdragon 8 Elite, 50 MP Camera with ProVisual Engine and 4000mAh Battery",,,4.4 out of 5 stars,107,,,https://m.media-amazon.com/images/I/61D3EdXKG5L._AC_UY218_.jpg,"Wed, 9 Jul",
smartphone,"Acer Super ZX 5G (Lunar Blue, 6GB RAM, 128GB Storage) | 120 Hz FHD+ Display | 5000 mAh Ultra-Thin Battery | Dimensity 6300 5G Processor | Sony 64MP AI Camera",,,3.6 out of 5 stars,228,,,https://m.media-amazon.com/images/I/51AXDnUqc8L._AC_UY218_.jpg,"Wed, 9 Jul",
smartphone,"Redmi A4 5G (Starry Black, 4GB RAM, 64GB Storage) | Global Debut SD 4s Gen 2 | Segment Largest 6.88in 120Hz | 50MP Dual Camera | 18W Fast Charging",,,3.9 out of 5 stars,"4,244",,,https://m.media-amazon.com/images/I/718HzJbvY1L._AC_UY218_.jpg,"Wed, 9 Jul",
smartphone,"realme C61 4G Smartphone Safari Green 4+64GB, 6.74-inch Screen, 90Hz Display, 5000mAh Battery, 32MP Camera, 7.84mm Ultra Slim Design, Octa-Core, IP54",,,4.8 out of 5 stars,65,,,https://m.media-amazon.com/images/I/61R7Zxw0t1L._AC_UY218_.jpg,"Fri, 11 Jul",
headphones,"boAt Rockerz 450, 15 HRS Battery, 40mm Drivers, Padded Ear Cushions, Integrated Controls, Dual Modes, On Ear Bluetooth Headphones, Wireless Headphone with Mic (Luscious Black)",,,4.0 out of 5 stars,"118,247",,,https://m.media-amazon.com/images/I/51FNnHjzhQL._AC_UY218_.jpg,"Wed, 9 Jul",
headphones,Boat BassHeads 100 in-Ear Headphones with Mic (Black),,,4.1 out of 5 stars,"421,307",,,https://m.media-amazon.com/images/I/513ugd16C6L._AC_UY218_.jpg,"Wed, 9 Jul",
headphones,"boAt Rockerz 480 W/RGB LEDs, 6 Light Modes, 40Mm Drivers, Beast Mode, 60Hrs Playback, Enx Tech, BT V5.3, Adaptive Fit & Easy Access Controls, Bluetooth Over Ear Headphones(White Sabre)",,,4.1 out of 5 stars,"1,452",,,https://m.media-amazon.com/images/I/61cIHzCDl6L._AC_UY218_.jpg,"Wed, 9 Jul",
headphones,"boAt Rockerz 450, 15 HRS Battery, 40mm Drivers, Padded Ear Cushions, Integrated Controls, Dual Modes, On Ear Bluetooth Headphones, Wireless Headphone with Mic (Hazel Beige)",,,4.0 out of 5 stars,"118,247",,,https://m.media-amazon.com/images/I/51Tf2zsMODL._AC_UY218_.jpg,"Wed, 9 Jul",
headphones,"Sony MDR-ZX110A On Ear Stereo Wired Headphones (White), Without Mic",,,4.0 out of 5 stars,"67,027",,,https://m.media-amazon.com/images/I/41BoLKMYjnL._AC_UY218_.jpg,"Wed, 9 Jul",
headphones,"Sony WH-CH520 Wireless Bluetooth Headphones On Ear with Mic, Up to 50Hrs Battery, Quick Charge, DSEE Upscale, Multipoint Connectivity, Voice Assistant, Customized EQ-Black",,,4.1 out of 5 stars,"21,343",,,https://m.media-amazon.com/images/I/41lArSiD5hL._AC_UY218_.jpg,"Wed, 9 Jul",
headphones,"boAt Rockerz 425 Bluetooth Wireless On Ear Headphones Signature Sound, Enx Tech, ASAP Charge, 25H Playtime, Bluetooth V5.2, Dual Pairing with Mic (Ash Grey)",,,3.6 out of 5 stars,"4,239",,,https://m.media-amazon.com/images/I/61R4Tj5podL._AC_UY218_.jpg,"Wed, 9 Jul",
headphones,"boAt Bassheads 900 Pro Wired Headphones with 40Mm Drivers, Lightweight Foldable Design, Over Ear, Remote Control, Unidirectional Retractable Mic, Adjustable Headband & USB Type-A Compatibility(Black)",,,4.1 out of 5 stars,"98,820",,,https://m.media-amazon.com/images/I/71Yid63OspL._AC_UY218_.jpg,"Fri, 11 Jul",
headphones,"ZEBRONICS THUNDER Bluetooth 5.3 Wireless Headphones with 60H Backup, Gaming Mode, Dual Pairing, ENC, AUX, Micro SD, Voice assistant, Comfortable Earcups, Call Function(Black)",,,3.7 out of 5 stars,"25,044",,,https://m.media-amazon.com/images/I/618-45t0P5L._AC_UY218_.jpg,"Wed, 9 Jul",
headphones,"boAt Rockerz 550/Rockerz 558 Over Ear Bluetooth Headphones with Upto 20 Hours Playback, 50MM Drivers, Soft Padded Ear Cushions and Physical Noise Isolation(Black)",,,4.0 out of 5 stars,"67,789",,,https://m.media-amazon.com/images/I/61gYxcIGjvL._AC_UY218_.jpg,"Wed, 9 Jul",
headphones,"ZEBRONICS Bro in Ear Wired Earphones with Mic, 3.5mm Audio Jack, 10mm Drivers, Phone/Tablet Compatible (Green)",,,3.4 out of 5 stars,"60,697",,,https://m.media-amazon.com/images/I/61+0KSoFrOL._AC_UY218_.jpg,"Wed, 9 Jul",
headphones,"boAt Rockerz 421 (2025 Launch), 40Hrs Battery, Low Latency(40ms), 40mm Drivers, ENx Technology, Integrated Controls, v5.4 Bluetooth Headphones, Wireless Headphone with Mic (Bold Blue)",,,4.3 out of 5 stars,12,,,https://m.media-amazon.com/images/I/71quB2GTUKL._AC_UY218_.jpg,"Wed, 9 Jul",
headphones,"Noise Two Wireless On Ear Headphones with 50 Hours Playtime, Low Latency(up to 40ms), 4 Play Modes, Dual Pairing, BT v5.3 (Serene Blue)",,,3.5 out of 5 stars,"3,487",,,https://m.media-amazon.com/images/I/517lSvEVVsL._AC_UY218_.jpg,"Wed, 9 Jul",
headphones,Logitech H111 Wired On Ear Headphones With Mic Black,,,3.9 out of 5 stars,"18,881",,,https://m.media-amazon.com/images/I/61HBpQuLjVL._AC_UY218_.jpg,"Wed, 9 Jul",
headphones,"JBL Tune 760NC, Wireless Over Ear Active Noise Cancellation Headphones with Mic, Upto 50 Hours Playtime, Multi-Device Connectivity, Pure Bass, AUX & Voice Assistant Support for Mobile Phones (Black)",,,3.6 out of 5 stars,"34,772",,,https://m.media-amazon.com/images/I/61QZnJ+vJyL._AC_UY218_.jpg,"Wed, 9 Jul",
headphones,"JBL C100SI Wired In Ear Headphones With Mic, Pure Bass Sound, One Button Multi-Function Remote, Premium Metallic Finish, Angled Buds For Comfort Fit (Black)",,,4.0 out of 5 stars,"200,394",,,https://m.media-amazon.com/images/I/51Q8DUDT2eL._AC_UY218_.jpg,"Wed, 9 Jul",
headphones,"boAt New Launch Rockerz 650 Pro, Touch/Swipe Controls, Dolby Audio, 80Hrs Battery, 2Mics ENx, Fast Charge, App Support, Dual Pair, Bluetooth Over Ear Headphones with Mic (Iris Black)",,,4.3 out of 5 stars,763,,,https://m.media-amazon.com/images/I/61-XNG5lPBL._AC_UY218_.jpg,"Wed, 9 Jul",
headphones,"Noise Two Wireless On Ear Headphones with 50 Hours Playtime, Low Latency(up to 40ms), 4 Play Modes, Dual Pairing, BT v5.3 (Bold Black)",,,3.5 out of 5 stars,"3,487",,,https://m.media-amazon.com/images/I/512sO2L0k6L._AC_UY218_.jpg,"Wed, 9 Jul",
headphones,"Sony WH-CH720N Active Noise Cancellation Wireless Bluetooth Over Ear Headphones with Mic, Adaptive Sound Control, Quick Charge, Up to 35Hrs Battery, Customized EQ- Blue",,,4.2 out of 5 stars,"10,867",,,https://m.media-amazon.com/images/I/61zWFqX+krL._AC_UY218_.jpg,"Wed, 9 Jul",
headphones,"JBL Tune 510BT, On Ear Wireless Headphones with Mic, up to 40 Hours Playtime, Pure Bass, Quick Charging, Dual Pairing, Bluetooth 5.0 & Voice Assistant Support for Mobile Phones (Black)",,,4.0 out of 5 stars,"20,478",,,https://m.media-amazon.com/images/I/61kFL7ywsZS._AC_UY218_.jpg,"Wed, 9 Jul",
headphones,"boAt Rockerz 550 Bluetooth Wireless Over Ear Headphones with Upto 20 Hours Playback, 50MM Drivers, Soft Padded Ear Cushions and Physical Noise Isolation with Mic (Black Symphony)",,,4.0 out of 5 stars,"67,789",,,https://m.media-amazon.com/images/I/61F5SXdi9jL._AC_UY218_.jpg,"Wed, 9 Jul",
headphones,"Sony WH-1000XM5 Best Active Noise Cancelling Wireless Bluetooth Over Ear Headphones with Mic for Clear Calling,Battery Life 30 Hours -Black",,,4.4 out of 5 stars,"15,559",,,https://m.media-amazon.com/images/I/51aXvjzcukL._AC_UY218_.jpg,"Wed, 9 Jul",
headphones,"boAt Rockerz 480 W/RGB LEDs, 6 Light Modes, 40Mm Drivers, Beast Mode, 60Hrs Playback, Enx Tech, BT V5.3, Adaptive Fit & Easy Access Controls, Bluetooth Over Ear Headphones(Black Sabre)",,,4.1 out of 5 stars,"1,452",,,https://m.media-amazon.com/images/I/711l4y8aNlL._AC_UY218_.jpg,"Wed, 9 Jul",
headphones,"boAt Rockerz 425 Bluetooth Wireless Over Ear Headphones with Mic Signature Sound, Beast Mode for Gaming, Enx Tech, ASAP Charge, 25H Playtime, Bluetooth V5.2 (Active Black)",,,3.6 out of 5 stars,"4,239",,,https://m.media-amazon.com/images/I/61XvYOrqVeL._AC_UY218_.jpg,"Wed, 9 Jul",
headphones,"boAt Rockerz 650 Pro (2025 Launch),Touch/Swipe Controls,Dolby Audio,80Hrs Battery,2Mics Enx,Fast Charge,App Support,Dual Pair,Bluetooth Over Ear Headphones,Wireless Headphone with Mic (Sage Green)",,,4.3 out of 5 stars,763,,,https://m.media-amazon.com/images/I/51o1ooDqHwL._AC_UY218_.jpg,"Wed, 9 Jul",
headphones,"boAt Rockerz 460 Wireless Over Ear Headphones w/Up to 30hrs Playtime, 40mm Drivers, Beast™ Mode, ENx™, Dual Pairing, BT v5.2, Instant Voice Assistant, Adaptive Fit(Crimson White)",,,4.2 out of 5 stars,146,,,https://m.media-amazon.com/images/I/614fed5NnKL._AC_UY218_.jpg,"Wed, 9 Jul",
headphones,"Boult Newly Launched Fluid X Headphones Bluetooth Wireless with 60H Playtime, 40mm Bass Driver, Zen ENC Mic, Type-C Charging, Combat™Gaming Mode, BTv 5.4, Headphones Wireless with mic (Ivory White)",,,4.0 out of 5 stars,167,,,https://m.media-amazon.com/images/I/711Y31WRzbL._AC_UY218_.jpg,"Wed, 9 Jul",
headphones,"ZEBRONICS THUNDER Bluetooth 5.3 Wireless Headphones with 60H Backup, Gaming Mode, Dual Pairing, ENC, AUX, Micro SD, Voice assistant, Comfortable Earcups, Call Function(Black)",,,3.7 out of 5 stars,"25,044",,,https://m.media-amazon.com/images/I/618-45t0P5L._AC_UY218_.jpg,"Wed, 9 Jul",
headphones,Marshall Major IV Wireless Bluetooth On Ear Headphone with Mic (Black),,,4.3 out of 5 stars,"13,335",,,https://m.media-amazon.com/images/I/71mTfSKhhTL._AC_UY218_.jpg,"Wed, 9 Jul",
headphones,"boAt Rockerz 255 Z Plus, AI-ENx Tech, Spatial Audio, 50HRS Battery, Low Latency Mode, Fast Charge, App Support, IPX4 BT v5.3, Bluetooth Neckband, Wireless with Mic Earphones (Active/Classic Black)",,,3.9 out of 5 stars,"231,082",,,https://m.media-amazon.com/images/I/61vaxn5X09L._AC_UY218_.jpg,"Wed, 9 Jul",
headphones,"Bose New QuietComfort Wireless Noise Cancelling Headphones, Bluetooth Over Ear Headphones with Up to 24 Hours of Battery Life - Black",,,4.4 out of 5 stars,"7,716",,,https://m.media-amazon.com/images/I/51f7KKP25PL._AC_UY218_.jpg,"Wed, 9 Jul",
headphones,"Portronics Muffs M2 Bluetooth Headphones Over Ear with Upto 40 Hrs Playtime, 40mm Dynamic Drivers, AUX 3.5mm, Powerful Bass, Laptop & PC Support,Type C Charging Port, Foldable Design(White)",,,3.8 out of 5 stars,236,,,https://m.media-amazon.com/images/I/51OpXOQc0PL._AC_UY218_.jpg,"Wed, 9 Jul",
headphones,"boAt New Launch Rockerz 650 Pro, Touch/Swipe Controls, Dolby Audio, 80Hrs Battery, 2Mics ENx, Fast Charge, App Support, Dual Pair, Bluetooth Over Ear Headphones with Mic (Iris Black)",,,4.3 out of 5 stars,763,,,https://m.media-amazon.com/images/I/61-XNG5lPBL._AC_UY218_.jpg,"Wed, 9 Jul",
headphones,Ant Esports H520W Lightweight Gaming Over Ear Wired Headphones with Mic| 3.5MM Jack |50 MM Drivers | Compatible with PC/ PS4 / Xbox One/Nintendo/Mobile (Black),,,3.8 out of 5 stars,"3,450",,,https://m.media-amazon.com/images/I/619AANS3KaL._AC_UY218_.jpg,"Wed, 9 Jul",
headphones,"Sony WH-CH720N Active Noise Cancellation Wireless Bluetooth Over Ear Headphones with Mic, Adaptive Sound Control, Quick Charge, Up to 35Hrs Battery, Customized EQ- Black",,,4.2 out of 5 stars,"10,867",,,https://m.media-amazon.com/images/I/51rpbVmi9XL._AC_UY218_.jpg,"Wed, 9 Jul",
headphones,"Sony WH-CH520 Wireless Bluetooth Headphones on Ear with Mic, Up to 50Hrs Battery, Quick Charge, DSEE Upscale, Multipoint Connectivity, Voice Assistant, Customized EQ-Beige",,,4.1 out of 5 stars,"21,343",,,https://m.media-amazon.com/images/I/61C66qTqnwL._AC_UY218_.jpg,"Wed, 9 Jul",
headphones,"Skullcandy Riff 2 On Ear Wireless Headphones, 40mm Drivers, Advanced Features Through The App, Collapsible Design, 34Hr Playtime + Rapid Charge- Black",,,4.2 out of 5 stars,"1,775",,,https://m.media-amazon.com/images/I/71cKqKY3dmL._AC_UY218_.jpg,"Wed, 9 Jul",
headphones,"JBL Tune 770NC Wireless Over Ear ANC Headphones with Mic, Upto 70 Hrs Battery, Speed Charge : 5 min Charge Gives up to 3H of Playback, Google Fast Pair, Dual Pairing, BT 5.3 (Black)",,,4.0 out of 5 stars,"22,659",,,https://m.media-amazon.com/images/I/61KmeiNKw3L._AC_UY218_.jpg,"Wed, 9 Jul",
headphones,"boAt New Launch Rockerz 650 Pro, Touch/Swipe Controls, Dolby Audio, 80Hrs Battery, 2Mics ENx, Fast Charge, App Support, Dual Pair, Bluetooth Over Ear Headphones with Mic (Iris Black)",,,4.3 out of 5 stars,763,,,https://m.media-amazon.com/images/I/61-XNG5lPBL._AC_UY218_.jpg,"Wed, 9 Jul",
headphones,"Noise Newly Launched Airwave Max 5 Wireless Over Ear Headphones with Adaptive Hybrid ANC (up to 50dB), HFA Tech, 80H Playtime, Dual Pairing(Calm Beige)",,,4.1 out of 5 stars,168,,,https://m.media-amazon.com/images/I/51YKwVXBhIL._AC_UY218_.jpg,"Wed, 9 Jul",
headphones,boAt Bassheads 100 in Ear Wired Headphones Earphones with Mic (Furious Red),,,4.1 out of 5 stars,"421,307",,,https://m.media-amazon.com/images/I/41o2uWllXtL._AC_UY218_.jpg,"Wed, 9 Jul",
headphones,"boAt Rockerz 421 (2025 Launch), 40Hrs Battery, Low Latency(40ms), 40mm Drivers, ENx Technology, Integrated Controls, v5.4 Bluetooth Headphones, Wireless Headphone with Mic (Black Sabre)",,,4.3 out of 5 stars,12,,,https://m.media-amazon.com/images/I/71bUXVCt5EL._AC_UY218_.jpg,"Wed, 9 Jul",
headphones,"Sony ULT Wear WH-ULT900N Noise Cancellation Wireless Bluetooth Over Ear Headphones with Massive Bass, Up to 50Hrs Battery-Black",,,4.4 out of 5 stars,"1,712",,,https://m.media-amazon.com/images/I/610DB8Cwm7L._AC_UY218_.jpg,"Wed, 9 Jul",
headphones,"ZEBRONICS Zeb-200HM Wired On Ear Headphone with Mic, Dual 3.5mm Connectors, Adjustable Headband for PC Computers/Laptop (Black)",,,3.1 out of 5 stars,"3,496",,,https://m.media-amazon.com/images/I/7179kqSfnAL._AC_UY218_.jpg,"Sun, 13 Jul",
headphones,"Sony WH-CH520 Wireless Bluetooth Headphones On Ear with Mic, Up to 50Hrs Battery-Pink",,,4.1 out of 5 stars,"21,343",,,https://m.media-amazon.com/images/I/61wSmw6oC7L._AC_UY218_.jpg,"Wed, 9 Jul",
headphones,"Boult Q Over Ear Bluetooth Headphones with 70H Playtime, 40mm Bass Drivers, Zen™ ENC Mic, Type-C Fast Charging, 4 EQ Modes, BTv 5.4, AUX Option, Easy Control, IPX5 headphones wireless with mic (Black)",,,4.1 out of 5 stars,"3,329",,,https://m.media-amazon.com/images/I/71zfpkr4bYL._AC_UY218_.jpg,"Wed, 9 Jul",
headphones,"JBL Tour One M2 Adaptive Noise Cancelling Over-Ear Headphones, Spatial Sound, Smart Ambient, 50Hrs Playtime, BT 5.3 Le, Quick Charge, Multi Point Conectivity, Built-in Alexa, 2 Years Warranty (Black)",,,4.0 out of 5 stars,639,,,https://m.media-amazon.com/images/I/61d2SD59OTL._AC_UY218_.jpg,"Wed, 9 Jul",
headphones,"ZEBRONICS Zeb-Dynamic with Bluetooth Supporting Headphone, Aux Input, Call Function and Media/Volume Control",,,3.0 out of 5 stars,750,,,https://m.media-amazon.com/images/I/612-xSgZ3vL._AC_UY218_.jpg,"Wed, 9 Jul",
headphones,"Skullcandy Riff 2 On Ear Wireless Headphones, 40mm Drivers, Advanced Features Through The App, Collapsible Design, 34Hr Playtime + Rapid Charge- Black",,,4.2 out of 5 stars,"1,775",,,https://m.media-amazon.com/images/I/71cKqKY3dmL._AC_UY218_.jpg,"Wed, 9 Jul",
headphones,"Skullcandy Hesh Evo Over Ear Wireless Headphones, 36 Hr Battery, Microphone, Works with iPhone Android and Bluetooth Devices - True Black",,,3.9 out of 5 stars,"5,188",,,https://m.media-amazon.com/images/I/7132xJGhhxL._AC_UY218_.jpg,"Wed, 9 Jul",
headphones,"Noise Newly Launched Airwave Max 5 Wireless Over Ear Headphones with Adaptive Hybrid ANC (up to 50dB), HFA Tech, 80H Playtime, Dual Pairing(Calm Beige)",,,4.1 out of 5 stars,168,,,https://m.media-amazon.com/images/I/51YKwVXBhIL._AC_UY218_.jpg,"Wed, 9 Jul",
headphones,"Sony WH-1000XM4 Noise Cancellation Wireless Bluetooth Over Ear Headphones with Mic, Hi-Res Audio, Up to 38Hrs Battery- Silver",,,4.5 out of 5 stars,"56,156",,,https://m.media-amazon.com/images/I/61UgZSYRllL._AC_UY218_.jpg,"Wed, 9 Jul",
headphones,"pTron Tangentbeat in Ear Bluetooth 5.0 Wireless Headphones with Mic, Deep Bass, 10mm Drivers, Clear Calls, Dual Pairing, Fast Charging, Magnetic Buds, Voice Assistant & IPX4 Wireless Neckband (Black",,,3.8 out of 5 stars,"76,741",,,https://m.media-amazon.com/images/I/61SAv5VlLWL._AC_UY218_.jpg,"Wed, 9 Jul",
headphones,"ZEBRONICS Thunder Bluetooth 5.3 Wireless Over Ear Headphones with 60H Backup, Gaming Mode, Dual Pairing, Enc, Aux, Micro Sd, Voice Assistant, Comfortable Earcups, Call Function (Sea Green)",,,3.8 out of 5 stars,"6,489",,,https://m.media-amazon.com/images/I/61smYWXWx9L._AC_UY218_.jpg,"Wed, 9 Jul",
headphones,"soundcore by Anker Q20i Wireless Bluetooth Over-Ear Headphones with Hybrid Active Noise Cancelling, 40h Playtime in ANC Mode, Hi-Res Audio, Deep Bass, Personalization via App (Black)",,,4.3 out of 5 stars,"31,697",,,https://m.media-amazon.com/images/I/51CnDMbXZzL._AC_UY218_.jpg,"Wed, 9 Jul",
headphones,"Oneplus Bullets Z2 Bluetooth Wireless in Ear Earphones with Mic, Bombastic Bass - 12.4 mm Drivers, 10 Mins Charge - 20 Hrs Music, 30 Hrs Battery Life, IP55 Dust and Water Resistant (Magico Black)",,,4.1 out of 5 stars,"196,770",,,https://m.media-amazon.com/images/I/51UhwaQXCpL._AC_UY218_.jpg,"Wed, 9 Jul",
headphones,"JBL Tune 770NC Wireless Over Ear ANC Headphones with Mic, Upto 70 Hrs Battery, Speed Charge : 5 min Charge Gives up to 3H of Playback, Google Fast Pair, Dual Pairing, BT 5.3 (Black)",,,4.0 out of 5 stars,"22,659",,,https://m.media-amazon.com/images/I/61KmeiNKw3L._AC_UY218_.jpg,"Wed, 9 Jul",
headphones,"Sony WH-CH520 Wireless Bluetooth Headphones On Ear with Mic, Up to 50Hrs Battery, Quick Charge, DSEE Upscale, Multipoint Connectivity, Voice Assistant, Customized EQ-Blue",,,4.1 out of 5 stars,"21,343",,,https://m.media-amazon.com/images/I/41JACWT-wWL._AC_UY218_.jpg,"Wed, 9 Jul",
headphones,"Noise Two Wireless On Ear Headphones with 50 Hours Playtime, Low Latency(up to 40ms), 4 Play Modes, Dual Pairing, BT v5.3 (Calm White)",,,3.5 out of 5 stars,"3,487",,,https://m.media-amazon.com/images/I/51lD6jgEytL._AC_UY218_.jpg,"Wed, 9 Jul",
headphones,"Skullcandy Cassette On Ear Wireless Headphones, 22 Hr Battery, Microphone, Works with iPhone Android and Bluetooth Devices - Black",,,3.8 out of 5 stars,"2,551",,,https://m.media-amazon.com/images/I/71U3uonLBYL._AC_UY218_.jpg,"Wed, 9 Jul",
books,World’s Greatest Books For Personal Growth & Wealth (Set of 4 Books) : Perfect Motivational Gift Set,,,4.5 out of 5 stars,by,,,https://m.media-amazon.com/images/I/71TqdH9wTmL._AC_UY218_.jpg,"Thu, 10 Jul",|
books,MEDI STUDY GO General Anatomy Mind maps (Quick 5 Min Revision Tool) for MBBS and BDS,,,,by,,,https://m.media-amazon.com/images/I/5196tBVcEeL._AC_UY218_.jpg,"Fri, 11 Jul",|
books,Dopamine Detox: A Short Guide to Remove Distractions and Get Your Brain to Do Hard Things,,,4.4 out of 5 stars,by,,,https://m.media-amazon.com/images/I/712K3sdLlRL._AC_UY218_.jpg,"Wed, 9 Jul",|
books,Don't Believe Everything You Think (English),,196.20,4.5 out of 5 stars,by,,,https://m.media-amazon.com/images/I/715qi-cIbML._AC_UY218_.jpg,"Wed, 9 Jul",|
books,Ikigai,,374.72,4.6 out of 5 stars,by,,,https://m.media-amazon.com/images/I/81l3rZK4lnL._AC_UY218_.jpg,"Wed, 9 Jul",|
books,The Psychology of Money,,289.55,4.6 out of 5 stars,by,,,https://m.media-amazon.com/images/I/71XEsXS5RlL._AC_UY218_.jpg,"Wed, 9 Jul",|
books,"White Nights – Fyodor Dostoyevsky | A Million-Copy Bestseller | A Timeless Story of Love, Longing & Solitude – Penguin Classics",,,4.6 out of 5 stars,by,,,https://m.media-amazon.com/images/I/51lMJWnnRDL._AC_UY218_.jpg,"Wed, 9 Jul",|
books,"The Art of Being Alone: Loneliness Was My Cage, Solitude Is My Home (English)",,,4.4 out of 5 stars,by,,,https://m.media-amazon.com/images/I/61Ktyy7KymL._AC_UY218_.jpg,"Wed, 9 Jul",|
books,Heart Lamp: Selected Stories | WINNER OF THE INTERNATIONAL BOOKER PRIZE 2025,,262.90,4.4 out of 5 stars,by,,,https://m.media-amazon.com/images/I/81RZcbuw5UL._AC_UY218_.jpg,"Wed, 9 Jul",|
books,"Can We Be Strangers Again?: A moving tale of love, loyalty and the bittersweet beauty of letting go",,220.33,4.3 out of 5 stars,by,,,https://m.media-amazon.com/images/I/71zpck45b2L._AC_UY218_.jpg,"Wed, 9 Jul",|
books,Gesto Rechargeable Book Reading Light with Clip – 3 Color Changing Light for Reading in Bed | 80 Hours Runtime Book Led Lamp for Night Reading | Flexible Goose Neck Clip on Book Light for Book Lovers,,,4.0 out of 5 stars,119,,,https://m.media-amazon.com/images/I/51dpKey38tL._AC_UY218_.jpg,"Wed, 9 Jul",
books,Beyond Good And Evil,,,4.4 out of 5 stars,by,,,https://m.media-amazon.com/images/I/71bqoh0rl5L._AC_UY218_.jpg,"Wed, 9 Jul",|
books,Days at the Morisaki Bookshop: The perfect book to curl up with - for lovers of Japanese translated fiction everywhere,,273.35,4.4 out of 5 stars,by,,,https://m.media-amazon.com/images/I/71xxddxprOL._AC_UY218_.jpg,"Wed, 9 Jul",|
books,The Mountain Is You: Transforming Self-Sabotage Into Self-Mastery (English),,259.75,4.4 out of 5 stars,by,,,https://m.media-amazon.com/images/I/61xivWmExiL._AC_UY218_.jpg,"Wed, 9 Jul",|
books,Read People Like a Book,,,4.3 out of 5 stars,by,,,https://m.media-amazon.com/images/I/71-jZgbnPrL._AC_UY218_.jpg,"Wed, 9 Jul",|
books,"You Become What You Think: Master Your Mind, Master Your LIife",,,4.5 out of 5 stars,by,,,https://m.media-amazon.com/images/I/61id5HQ7ogL._AC_UY218_.jpg,"Wed, 9 Jul",|
books,The Theory Of Everything,,185.37,4.5 out of 5 stars,by,,,https://m.media-amazon.com/images/I/71vfo4cJCjL._AC_UY218_.jpg,"Wed, 9 Jul",|
books,The Alchemist,,229.05,4.6 out of 5 stars,by,,,https://m.media-amazon.com/images/I/617lxveUjYL._AC_UY218_.jpg,"Wed, 9 Jul",|
books,World’s Greatest Books For Personal Growth & Wealth (Set of 4 Books) : Perfect Motivational Gift Set,,,4.5 out of 5 stars,by,,,https://m.media-amazon.com/images/I/71TqdH9wTmL._AC_UY218_.jpg,"Thu, 10 Jul",|
books,Rich Dad Poor Dad: What the Rich Teach Their Kids About Money That the Poor and Middle Class Do Not!,,387..55,4.6 out of 5 stars,by,,,https://m.media-amazon.com/images/I/81BE7eeKzAL._AC_UY218_.jpg,"Wed, 9 Jul",|
books,Mastering Personal Investments: 20 Steps to Financial Independence,,,4.6 out of 5 stars,by,,,https://m.media-amazon.com/images/I/71uO23ksd6L._AC_UY218_.jpg,"Wed, 9 Jul",|
books,You Can,,,4.3 out of 5 stars,by,,,https://m.media-amazon.com/images/I/81T05w0B3lL._AC_UY218_.jpg,"Wed, 9 Jul",|
books,"The Science of Self-Discipline: The Willpower, Mental Toughness and Self-Control to Resist Temptation and Achieve Your Goals",,,4.6 out of 5 stars,by,,,https://m.media-amazon.com/images/I/81A6gJs73QL._AC_UY218_.jpg,"Wed, 9 Jul",|
books,The Subtle Art of Not Giving a F*ck : A Counterintuitive Approach to Living a Good Life,,348.75,4.5 out of 5 stars,by,,,https://m.media-amazon.com/images/I/71t4GuxLCuL._AC_UY218_.jpg,"Wed, 9 Jul",|
books,Psychopathology of Everyday Life by Sigmund Freud [Premium Paperback] Introduction to Psychology | Discover the Power of Subconscious Mind | Human Psychology Books | Author of Interpretation of Dreams,,,4.6 out of 5 stars,by,,,https://m.media-amazon.com/images/I/51mmnw76kGL._AC_UY218_.jpg,"Wed, 9 Jul",|
books,Mandala Art: Colouring books for Adults with tear out sheets,,,4.5 out of 5 stars,by,,,https://m.media-amazon.com/images/I/911PQcsCz8S._AC_UY218_.jpg,"Fri, 11 Jul",|
books,Deewar Mein Ek Khidki Rahti Thi । दीवार में एक खिड़की रहती थी [ साहित्य अकादमी पुरस्कार से पुरस्कृत उपन्यास ],,,4.4 out of 5 stars,Hindi Edition,,,https://m.media-amazon.com/images/I/71+oHMoJ8cL._AC_UY218_.jpg,"Sun, 13 Jul",|
books,"Meditations: Timeless Wisdom from Stoic Philosophy for Inner Peace, Self-Discipline & Mental Resilience | A Classic Self-Help Book on Personal Growth & Mindfulness",,115.82,4.4 out of 5 stars,by,,,https://m.media-amazon.com/images/I/61922ZHZ21L._AC_UY218_.jpg,"Wed, 9 Jul",|
books,Who Will Cry When You Die?,,198.85,4.4 out of 5 stars,by,,,https://m.media-amazon.com/images/I/71yu8CAKbgL._AC_UY218_.jpg,"Wed, 9 Jul",|
books,SPIRITUAL AWAKENING SHRI HIT PREMANAND GOVIND SHARAN JI MAHARAJ VOLUME 1 (PB 2024),,,4.9 out of 5 stars,by,,,https://m.media-amazon.com/images/I/71+SDDkSd6L._AC_UY218_.jpg,"Wed, 9 Jul",|
books,White Nights Fyodor Dostoevsky [Premium Paperback] | A Tale of Love & Loneliness | 50 Greatest Short Stories | Short Stories of Dostoevsky | Classics Books | Literature Books | White Nights Book,,,4.8 out of 5 stars,by,,,https://m.media-amazon.com/images/I/610IfoLPhvL._AC_UY218_.jpg,"Wed, 9 Jul",|
books,You Got This: Art of Loving Yourself | Emotional wellness | Mental health | Happiness | Self-Care | Personal growth | Mindfulness | Motivational | Positive Thinking,,212.95,4.3 out of 5 stars,by,,,https://m.media-amazon.com/images/I/91g4K+FXBLL._AC_UY218_.jpg,"Wed, 9 Jul",|
books,"Rupa Publications India The Blue Umbrella, 90 Pages",,123.32,4.5 out of 5 stars,by,,,https://m.media-amazon.com/images/I/71YjdCMBmQL._AC_UY218_.jpg,"Wed, 9 Jul",|
books,"Greatest Works of William Shakespeare (Boxed Set of 10) - Hamlet,Othello,The Merchant of Venice,Macbeth,The Comedy of Errors,Romeo & Juliet,Julius Caeser,Twelfth Night,A Midsummer Night's Dream",,,4.4 out of 5 stars,by,,,https://m.media-amazon.com/images/I/81l-AtY7yBL._AC_UY218_.jpg,"Wed, 9 Jul",|
books,"Pack of 6 Self Help Book for Adult - How to Self Confidence, Stop Worrying, Win Friends, Subconscios Mind, Think & Grow and Art of War",,,4.5 out of 5 stars,by,,,https://m.media-amazon.com/images/I/81McNZ8w2qL._AC_UY218_.jpg,"Wed, 9 Jul",|
books,"My First Mythology Tale (Illustrated) (Set of 5 Books) - Mahabharata, Krishna, Hanuman, Ganesha, Ramayana - Story Book for Kids",,,4.4 out of 5 stars,by,,,https://m.media-amazon.com/images/I/71xWWxjzF7L._AC_UY218_.jpg,"Wed, 9 Jul",|
books,The Book of Clarity: Building Your Dream Startup Using First Principles Thinking,,321.09,4.8 out of 5 stars,by,,,https://m.media-amazon.com/images/I/51vVHA67SaL._AC_UY218_.jpg,"Wed, 9 Jul",|
books,My Journey: Transforming Dreams into Actions,,,4.6 out of 5 stars,by,,,https://m.media-amazon.com/images/I/71VOI-r3IKL._AC_UY218_.jpg,"Wed, 9 Jul",|
books,Harry Potter 1–3 Box Set: A Magical Adventure Begins,,,4.6 out of 5 stars,by,,,https://m.media-amazon.com/images/I/81E3ArTwSnL._AC_UY218_.jpg,"Wed, 9 Jul",|
books,How to Win Friends and Influence People by Dale Carnegie [Premium Paperback]: Master the Art of Dealing with People | Develop Emotional Intelligence | Self Help Classic | Top 50 Must Reads,,,4.4 out of 5 stars,by,,,https://m.media-amazon.com/images/I/71K7wW4VEoL._AC_UY218_.jpg,"Wed, 9 Jul",|
books,Gesto Rechargeable Book Reading Light with Clip – 3 Color Changing Light for Reading in Bed | 80 Hours Runtime Book Led Lamp for Night Reading | Flexible Goose Neck Clip on Book Light for Book Lovers,,,4.0 out of 5 stars,119,,,https://m.media-amazon.com/images/I/51dpKey38tL._AC_UY218_.jpg,"Wed, 9 Jul",
books,My Little Book of Planets: Rhyming & Illustrated Solar System Board Book for Kids | Fun Learning About Planets for Toddlers & Preschoolers | Ages 3+ [Penguin Early Learning Series],,,4.7 out of 5 stars,by,,,https://m.media-amazon.com/images/I/71apK505SjL._AC_UY218_.jpg,"Fri, 11 Jul",|
books,The Monk Who Sold His Ferrari,,199.05,4.5 out of 5 stars,by,,,https://m.media-amazon.com/images/I/61pZyTuNDYL._AC_UY218_.jpg,"Thu, 10 Jul",|
books,"Unusual Tales from Indian Mythology | Sudha Murty’s Bestselling Series | Set of 5 Books | Stories from Mahabharata, Ramayana, & Mythical Characters | Ages 9+",,,4.7 out of 5 stars,by,,,https://m.media-amazon.com/images/I/811bNWAFSFL._AC_UY218_.jpg,"Wed, 9 Jul",|
books,World’s Greatest Guides to Wealth & Success: 4 Must Read Books Boxset | The Power of Your Subconscious Mind | How to Win Friends and Influence People | Think and Grow Rich | Richest Man in Babylon,,,4.7 out of 5 stars,by,,,https://m.media-amazon.com/images/I/81+72Eg1fKL._AC_UY218_.jpg,"Wed, 9 Jul",|
books,My First Library: Boxset of 10 Board Books for Kids,,369.55,4.5 out of 5 stars,by,,,https://m.media-amazon.com/images/I/81p1nkYo4NL._AC_UY218_.jpg,"Wed, 9 Jul",|
books,101 Tales The Great Panchatantra Collection - Collection of Witty Moral Stories For Kids For Personality Development (Hardback),,,4.5 out of 5 stars,by,,,https://m.media-amazon.com/images/I/71My1M0AgZL._AC_UY218_.jpg,"Wed, 9 Jul",|
books,The Commonsense Diet: Stop Overthinking Start Eating,,214.30,4.5 out of 5 stars,by,,,https://m.media-amazon.com/images/I/71Vm0TWo3GL._AC_UY218_.jpg,"Wed, 9 Jul",|
books,Tuesdays With Morrie: The most uplifting book ever written about the importance of human connection,,197..60,4.6 out of 5 stars,by,,,https://m.media-amazon.com/images/I/81c++Bb14PL._AC_UY218_.jpg,"Wed, 9 Jul",|
books,Private Equity 360° - The Complete Insider's Guide To Indian Private Equity | Written by Vinit Rai - a PE Veteran Who's Closed 50+ Deals in India | Zebra Learn Books,,,4.9 out of 5 stars,by,,,https://m.media-amazon.com/images/I/811txFb0vXL._AC_UY218_.jpg,"Wed, 9 Jul",|
books,"Boy, The Mole, The Fox and The Horse, Th",,800.75,4.7 out of 5 stars,by,,,https://m.media-amazon.com/images/I/81PdkxXJObL._AC_UY218_.jpg,"Wed, 9 Jul",|
books,The Courage To Be Disliked: The life changing global bestseller recommended by Steven Bartlett on 'Diary of a CEO' (Courage To series Book 1),,331..55,4.5 out of 5 stars,by,,,https://m.media-amazon.com/images/I/71Uz19zlnML._AC_UY218_.jpg,"Wed, 9 Jul",|
books,The Beekeeper of Aleppo: The Sunday Times Bestseller and Richard & Judy Book Club Pick,,277..40,4.4 out of 5 stars,by,,,https://m.media-amazon.com/images/I/81Gpfv4QzfL._AC_UY218_.jpg,26 - 30 Jul,|
books,"Upside-Down King, The: Unusual Tales",,189.34,4.7 out of 5 stars,by,,,https://m.media-amazon.com/images/I/910fQt0f5FL._AC_UY218_.jpg,"Wed, 9 Jul",|
