Title,Price (INR),Rating,Reviews,Product Link
The Power of Your Subconscious Mind: Original Edition | Premium Paperback,99,4.4 out of 5 stars,by,N/A
Aakash Institute | One Year Engineering Course for JEE Main & Advanced with Companion Videos for Class 12th Passed | Online | 2026,3250,5.0 out of 5 stars,1,N/A
Don't Believe Everything You Think (English),163,4.5 out of 5 stars,by,N/A
Dopamine Detox: A Short Guide to Remove Distractions and Get Your Brain to Do Hard Things,181,4.4 out of 5 stars,by,N/A
"Ikigai: The Japanese Secret to a Long and Happy Life | A Global Self-Help Phenomenon that Guides You Towards a Joyful, Balanced, and Meaningful Life",368,4.6 out of 5 stars,by,N/A
"White Nights – Fyodor Dostoyevsky | A Million-Copy Bestseller | A Timeless Story of Love, Longing & Solitude – Penguin Classics",99,4.6 out of 5 stars,by,N/A
The Psychology of Money,259,4.6 out of 5 stars,by,N/A
World’s Greatest Books For Personal Growth & Wealth (Set of 4 Books) : Perfect Motivational Gift Set,315,4.5 out of 5 stars,by,N/A
Days at the Morisaki Bookshop: The perfect book to curl up with - for lovers of Japanese translated fiction everywhere,262,4.4 out of 5 stars,by,N/A
"The Art of Being Alone: Loneliness Was My Cage, Solitude Is My Home (English)",179,4.4 out of 5 stars,by,N/A
Awakening the Mind: The Essential Krishnamurti (Boxed Set),479,N/A,by,N/A
"How to Live: The Mindfulness Essentials 10-Book Box Set – A Transformative Guide to Living with Clarity, Calm, and Purpose | A Perfect Gift",1042,4.8 out of 5 stars,by,N/A
Deewar Mein Ek Khidki Rahti Thi । दीवार में एक खिड़की रहती थी [ साहित्य अकादमी पुरस्कार से पुरस्कृत उपन्यास ],170,4.4 out of 5 stars,Hindi Edition,N/A
"You Become What You Think: Master Your Mind, Master Your LIife",179,4.5 out of 5 stars,by,N/A
The Mountain Is You: Transforming Self-Sabotage Into Self-Mastery (English),259,4.4 out of 5 stars,by,N/A
Heart Lamp: Selected Stories | WINNER OF THE INTERNATIONAL BOOKER PRIZE 2025,243,4.4 out of 5 stars,by,N/A
"Can We Be Strangers Again?: A moving tale of love, loyalty and the bittersweet beauty of letting go",200,4.3 out of 5 stars,by,N/A
Read People Like a Book,269,4.3 out of 5 stars,by,N/A
The Alchemist,219,4.6 out of 5 stars,by,N/A
"Meditations: Timeless Wisdom from Stoic Philosophy for Inner Peace, Self-Discipline & Mental Resilience | A Classic Self-Help Book on Personal Growth & Mindfulness",104,4.4 out of 5 stars,by,N/A
"The Ultimate Rumi Collection (Boxset of 3 Books) : Essential Rumi, Rumi: Bridge to the Soul, Rumi : The Book of Love",1105,4.6 out of 5 stars,by,N/A
The Hobbit & The Lord of the Rings Boxed Set,1399,4.6 out of 5 stars,by,N/A
The Power of Your Subconscious Mind: Original Edition | Premium Paperback,99,4.4 out of 5 stars,by,N/A
Legally Yours : Every Woman's Guide to Her Legal Rights,263,4.8 out of 5 stars,by,N/A
Mandala Art: Colouring books for Adults with tear out sheets,171,4.5 out of 5 stars,by,N/A
The Theory Of Everything,115,4.5 out of 5 stars,by,N/A
The Intelligent Investor : The Definitive Book on Value Investing (Third Edition),376,4.5 out of 5 stars,by,N/A
"The Science of Self-Discipline: The Willpower, Mental Toughness and Self-Control to Resist Temptation and Achieve Your Goals",258,4.6 out of 5 stars,by,N/A
THE GUT: Story of Our Incredible Second Brain,241,4.3 out of 5 stars,by,N/A
"Pack of 6 Self Help Book for Adult - How to Self Confidence, Stop Worrying, Win Friends, Subconscios Mind, Think & Grow and Art of War",562,4.5 out of 5 stars,by,N/A
White Nights Fyodor Dostoevsky [Premium Paperback] | A Tale of Love & Loneliness | 50 Greatest Short Stories | Short Stories of Dostoevsky | Classics Books | Literature Books | White Nights Book,113,4.8 out of 5 stars,by,N/A
The Book of Clarity: Building Your Dream Startup Using First Principles Thinking,212,4.7 out of 5 stars,by,N/A
"How to Live: The Mindfulness Essentials 10-Book Box Set – A Transformative Guide to Living with Clarity, Calm, and Purpose | A Perfect Gift",1042,4.8 out of 5 stars,by,N/A
The Hobbit & The Lord of the Rings Boxed Set,1399,4.6 out of 5 stars,by,N/A
"Unusual Tales from Indian Mythology | Sudha Murty’s Bestselling Series | Set of 5 Books | Stories from Mahabharata, Ramayana, & Mythical Characters | Ages 9+",580,4.7 out of 5 stars,by,N/A
SPIRITUAL AWAKENING SHRI HIT PREMANAND GOVIND SHARAN JI MAHARAJ VOLUME 1 (PB 2024),189,4.9 out of 5 stars,by,N/A
"Rupa Publications India The Blue Umbrella, 90 Pages",99,4.5 out of 5 stars,by,N/A
"Greatest Works of William Shakespeare (Boxed Set of 10) - Hamlet,Othello,The Merchant of Venice,Macbeth,The Comedy of Errors,Romeo & Juliet,Julius Caeser,Twelfth Night,A Midsummer Night's Dream",712,4.3 out of 5 stars,by,N/A
You Got This: Art of Loving Yourself | Emotional wellness | Mental health | Happiness | Self-Care | Personal growth | Mindfulness | Motivational | Positive Thinking,201,4.3 out of 5 stars,by,N/A
My Journey: Transforming Dreams into Actions,129,4.6 out of 5 stars,by,N/A
Rich Dad Poor Dad: What the Rich Teach Their Kids About Money That the Poor and Middle Class Do Not!,367,4.6 out of 5 stars,by,N/A
Metamorphosis,98,4.4 out of 5 stars,by,N/A
"Men are from Mars, Women are from Venus",319,4.5 out of 5 stars,by,N/A
"The Ultimate Rumi Collection (Boxset of 3 Books) : Essential Rumi, Rumi: Bridge to the Soul, Rumi : The Book of Love",1105,4.6 out of 5 stars,by,N/A
The Power of Your Subconscious Mind: Original Edition | Premium Paperback,99,4.4 out of 5 stars,by,N/A
Legally Yours : Every Woman's Guide to Her Legal Rights,263,4.8 out of 5 stars,by,N/A
Harry Potter 1–3 Box Set: A Magical Adventure Begins,998,4.6 out of 5 stars,by,N/A
Who Will Cry When You Die?,175,4.4 out of 5 stars,by,N/A
"EMILY HENRY 4 BOOKS BOXSET: Beach Read, People We Meet on Vacation, Book Lovers, & Happy Place | QUEEN OF ROM-COMS AND #1 NEW YORK TIMES BESTSELLING ROMANCE AUTHOR | Best of Romance!",844,4.6 out of 5 stars,by,N/A
101 Tales The Great Panchatantra Collection - Collection of Witty Moral Stories For Kids For Personality Development (Hardback),409,4.5 out of 5 stars,by,N/A
The Monk Who Sold His Ferrari,198,4.5 out of 5 stars,by,N/A
The Commonsense Diet: Stop Overthinking Start Eating,191,4.5 out of 5 stars,by,N/A
The Compound Effect (English),223,4.6 out of 5 stars,by,N/A
The Subtle Art of Not Giving a F*ck: A Counterintuitive Approach to Living a Good Life (Mark Manson Collection Book 1),318.,4.5 out of 5 stars,by,N/A
The Hobbit & The Lord of the Rings Boxed Set,1399,4.6 out of 5 stars,by,N/A
"The Ultimate Rumi Collection (Boxset of 3 Books) : Essential Rumi, Rumi: Bridge to the Soul, Rumi : The Book of Love",1105,4.6 out of 5 stars,by,N/A
"Story Books for Kids (Set of 10 Books) - Mythology Stories for Children - Ganesha, Krishna, Hanuman, Ramayana, Shiva, Lakshmi, Saraswati, Durga, Mahabharata, Brahma - English Short Stories - Read Aloud to Infants, Toddlers",89.,N/A,by,N/A
"Boy, The Mole, The Fox and The Horse, Th",742,4.7 out of 5 stars,by,N/A
Tuesdays With Morrie: The most uplifting book ever written about the importance of human connection,215.,4.6 out of 5 stars,by,N/A
MTG International Mathematics Olympiad (IMO) Workbook Class 4 - Chapterwise Previous Year Solved Paper & Achievers Section - SOF Olympiad Books For 2025-26 Exam,84,4.8 out of 5 stars,by,N/A
World’s Greatest Guides to Wealth & Success: 4 Must Read Books Boxset | The Power of Your Subconscious Mind | How to Win Friends and Influence People | Think and Grow Rich | Richest Man in Babylon,336,4.7 out of 5 stars,by,N/A
Macmillan - CAIIB 2025 Exam Edition - ABM + BFM + Adv. Business & Financial Mgmt + BRBL - by IIBF - Combo Set of 4 Books Bundle - Revised for 2025 Exams,3449,4.3 out of 5 stars,by,N/A
The Beekeeper of Aleppo: The Sunday Times Bestseller and Richard & Judy Book Club Pick,263.,4.4 out of 5 stars,by,N/A
The Egyptian Book of the Dead (Deluxe Hardbound Edition),339,3.9 out of 5 stars,by,N/A
The Mighty Tiny Tales of Gyatso and Tashi,499,5.0 out of 5 stars,by,N/A
"Men are from Mars, Women are from Venus",319,4.5 out of 5 stars,by,N/A
The Power of Your Subconscious Mind: Original Edition | Premium Paperback,99,4.4 out of 5 stars,by,N/A
Legally Yours : Every Woman's Guide to Her Legal Rights,263,4.8 out of 5 stars,by,N/A
The Egyptian Book of the Dead (Deluxe Hardbound Edition),339,3.9 out of 5 stars,by,N/A
"Leadership and Management Strategy Collection - The Prince, The Art of War, and Arthashastra – English | Best Classic Books collection to Learn Economics/ Leadership / Political Management Strategy | Reference Guide for Philosophy/Financial/ Warfare Tactics",389,4.5 out of 5 stars,by,N/A
41 Anmol Kahaniya - Premchand,188,4.4 out of 5 stars,Hindi Edition,N/A
RATHRI 12-NU SHESHAM,340,4.4 out of 5 stars,Malayalam Edition,N/A
"Story Books for Kids - 430+ Stories (Set of 4 Books) (Hindi) - 108 Hanuman, 108 Ganesha, 108 Shiva, 108Krishna - Mythology Story Books - Hindi Stories for Children - Bedtime Stories - Moral Stories - Age 3+ - Read Aloud to Infants, Toddlers",176.,N/A,Hindi Edition,N/A
"Upside-Down King, The: Unusual Tales",183,4.7 out of 5 stars,by,N/A
"The American Roommate Experiment, Elena Armas",303,4.4 out of 5 stars,by,N/A
The Man Eating Leopard of Rudraprayag,103,4.6 out of 5 stars,by,N/A
Awakening the Mind: The Essential Krishnamurti (Boxed Set),479,N/A,by,N/A
The Hobbit & The Lord of the Rings Boxed Set,1399,4.6 out of 5 stars,by,N/A
Private Equity 360° - The Complete Insider's Guide To Indian Private Equity | Written by Vinit Rai - a PE Veteran Who's Closed 50+ Deals in India | Zebra Learn Books,1310,4.9 out of 5 stars,by,N/A
The Courage To Be Disliked: The life changing global bestseller recommended by Steven Bartlett on 'Diary of a CEO' (Courage To series Book 1),284.,4.5 out of 5 stars,by,N/A
Master Your Emotions: A Practical Guide to Overcome Negativity and Better Manage Your Feelings (Mastery Series Book 1),0,4.4 out of 5 stars,by,N/A
You Can Win: A Step by Step Tool for Top Achievers,295,4.6 out of 5 stars,by,N/A
SAF Hanuman chalisa | Hanuman chalisa Book | Hanuman chalisa Wooden Book| Hanuman chalisa hardcover | Hanuman chalisa Pocket Book,218,4.4 out of 5 stars,221,N/A
"Story Books for Kids (Set of 10 Books) (Hindi) - Mythology Stories for Children - Ganesha, Krishna, Hanuman, Ramayana, Shiva, Lakshmi, Saraswati, Durga, Mahabharata, Brahma - Hindi Short Stories - Read Aloud to Infants, Toddlers",92.,N/A,Hindi Edition,N/A
Gaban - Hindi - Premchand (Maple Classics),149,4.4 out of 5 stars,Hindi Edition,N/A
MTG International Mathematics Olympiad (IMO) Workbook Class 2 - Chapterwise Previous Year Solved Paper & Achievers Section - SOF Olympiad Books For 2025-26 Exam,72,4.0 out of 5 stars,by,N/A
"The Ultimate Rumi Collection (Boxset of 3 Books) : Essential Rumi, Rumi: Bridge to the Soul, Rumi : The Book of Love",1105,4.6 out of 5 stars,by,N/A
The Mighty Tiny Tales of Gyatso and Tashi,499,5.0 out of 5 stars,by,N/A
The Power of Your Subconscious Mind: Original Edition | Premium Paperback,99,4.4 out of 5 stars,by,N/A
Awakening the Mind: The Essential Krishnamurti (Boxed Set),479,N/A,by,N/A
My First 365 Coloring Book: Jumbo Coloring Book For Kids (With Tear Out Sheets),209,4.5 out of 5 stars,by,N/A
KAANUKA Unruled Long Practice Book Regular Semi Rough Notebook (192 Pages)(275 mm X 190 mm)(Sets Of 4),181,3.8 out of 5 stars,130,N/A
"Amazon Brand - Solimo Notebooks, Spiral-Bound, Lightweight, Vibrant Colours (A5, 100 Pages, 70 GSM, Set of 5)",269,4.0 out of 5 stars,952,N/A
Marvel Avengers 1001 Stickers | 1000 Sticker Book | Sticker & Activity | Avengers books,319,4.1 out of 5 stars,by,N/A
MTG International Mathematics Olympiad (IMO) Workbook Class 2 - Chapterwise Previous Year Solved Paper & Achievers Section - SOF Olympiad Books For 2025-26 Exam,72,4.0 out of 5 stars,by,N/A
MTG International Mathematics Olympiad (IMO) Workbook Class 1 - Chapterwise Previous Year Solved Paper & Achievers Section - SOF Olympiad Books For 2025-26 Exam,72,4.4 out of 5 stars,by,N/A
Gaban - Hindi - Premchand (Maple Classics),149,4.4 out of 5 stars,Hindi Edition,N/A
Sherlock Holmes - The Complete Collection: All Novels & Short Stories of the World's Greatest Detective,103.,4.4 out of 5 stars,by,N/A
MEDI STUDY GO Upper Limb and Lower Limb Mind maps (Quick 5 Min Revision Tool) for MBBS,1499,N/A,by,N/A
Legally Yours : Every Woman's Guide to Her Legal Rights,263,4.8 out of 5 stars,by,N/A
Attitude Is Everything: Change Your Attitude ... Change Your Life!,126,4.5 out of 5 stars,by,N/A
"Factor Notes Watercolour Book: A5, 300 GSM Paper, 24 Pages with Perforation, Wiro Bound (Wine Glass)",160,4.4 out of 5 stars,1764,N/A
Eleven Minutes,263,4.4 out of 5 stars,by,N/A
"873 Poorvi, Textbook of English for Grade 8 (Edition First Edition)",61,4.6 out of 5 stars,by,N/A
"MTG International English Olympiad (IEO) Workbook Class 6 - Chapterwise MCQs, Previous Years Solved Paper & Achievers Section - SOF Olympiad Books For 2025-26 Exam",84,5.0 out of 5 stars,by,N/A
Mahabharata | The Yoga Of The Bhagavad Gita | Romesh C. Dutt C.I.E. | Sri Krishna Prem | The Epic Of Ancient India Condensed Into English Verse | English Combo Gift Pack Set | Romesh Chandra Dutt Books | Shri Krishna Books | Shrimad Bhagwat Geeta | Bhagwat Geeta In Gorakhpur Shreemad Press | Maha bharata By The Great Indian Mythology Epic Ancient Stories about Pandavas and Kauravas Ved Vyasa | Complete Kurukshetra War | Mahabharatam Retelling for Adults | Hindi Telugu Gujarati Marathi Bengali Sanskrit | Original Shree Mad Bhagwat Shree Madbhagwat | श्री मद भागवत गीता पुस्तक गीता प्रेस श्री मद भगवत गीता बुक श्रीमद भागवत गीता महाभारत युद्ध पुस्तक बुक,500,N/A,by,N/A
"Classmate Premium 6 Subject Notebook - A4, Soft Cover, 300 Pages, Single Line",157,4.5 out of 5 stars,11586,N/A
ALCRAFT Real Leather Green Stone Brown Embossed Handmade Diary with Metal Lock -Size of (H) 6*(L) 4.5 Brown,258,4.2 out of 5 stars,3780,N/A
The Hobbit & The Lord of the Rings Boxed Set,1399,4.6 out of 5 stars,by,N/A
"The Ultimate Rumi Collection (Boxset of 3 Books) : Essential Rumi, Rumi: Bridge to the Soul, Rumi : The Book of Love",1105,4.6 out of 5 stars,by,N/A
